rec,id,ecl_time,line
rec_031,0954-1898,2025-12-11 16:40:00 +01,BL-80930
rec_031,0531-0893,2025-12-10 17:20:00 +01,BL-80930
rec_031,0512-2100,2025-12-10 17:50:00 +01,BL-80930
rec_031,0507-0225,2025-12-11 05:30:00 +01,BL-80930
rec_031,0526-2172,2025-12-10 23:50:00 +01,BL-80930
rec_031,1016-2017,2025-12-11 11:10:00 +01,BL-80930
rec_031,0533-0389,2025-12-10 19:30:00 +01,BL-80930
rec_031,0544-1420,2025-12-11 00:10:00 +01,BL-80930
rec_031,0519-0688,2025-12-11 12:20:00 +01,BL-80930
rec_031,0434-2058,2025-12-11 08:00:00 +01,BL-80930
rec_031,0765-2184,2025-12-11 02:10:00 +01,BL-80930
rec_031,1008-0764,2025-12-13 18:10:00 +01,BL-80930
rec_031,0908-1654,NA,BL-80930
rec_031,0493-2037,2025-12-10 19:40:00 +01,BL-80930
rec_031,1064-0185,NA,BL-80930
rec_031,0759-0565,2025-12-11 19:30:00 +01,BL-80930
rec_031,1122-0162,2025-12-13 02:10:00 +01,BL-80930
rec_031,0860-0720,2025-12-12 06:00:00 +01,BL-80930
rec_031,0546-2149,2025-12-10 19:30:00 +01,BL-80930
rec_031,0475-1340,2025-12-11 05:10:00 +01,BL-80930
rec_031,1165-0476,2025-12-11 19:00:00 +01,BL-80930
rec_031,1013-1952,2025-12-10 18:00:00 +01,BL-80930
rec_031,1173-1349,2025-12-11 23:20:00 +01,BL-80930
rec_031,0947-1844,2025-12-12 16:00:00 +01,BL-80930
rec_031,0457-0756,2025-12-10 18:10:00 +01,BL-80930
rec_031,0926-1856,2025-12-12 07:20:00 +01,BL-80930
rec_031,1187-1199,NA,BL-80930
rec_031,0485-1885,2025-12-11 21:30:00 +01,BL-80930
rec_031,1171-1339,2025-12-11 11:30:00 +01,BL-80930
rec_031,0723-0944,2025-12-11 03:40:00 +01,BL-80930
rec_031,0498-1415,2025-12-11 10:30:00 +01,BL-80930
rec_031,0684-0922,2025-12-13 00:10:00 +01,BL-80930
rec_031,0554-0226,2025-12-11 05:30:00 +01,BL-80930
rec_031,1027-1737,2025-12-11 23:50:00 +01,BL-80930
rec_031,1098-1825,2025-12-11 12:50:00 +01,BL-80930
rec_031,0657-0134,2025-12-13 01:20:00 +01,BL-80930
rec_031,0774-0194,2025-12-13 00:10:00 +01,BL-80930
rec_031,0324-2134,2025-12-11 07:30:00 +01,BL-80930
rec_031,0972-0213,2025-12-12 14:50:00 +01,BL-80930
rec_031,0481-0245,2025-12-11 14:40:00 +01,BL-80930
rec_031,0480-2108,2025-12-11 05:20:00 +01,BL-80930
rec_031,1201-0617,2025-12-12 09:30:00 +01,BL-80930
rec_031,1188-0485,2025-12-12 10:30:00 +01,BL-80930
rec_031,0996-1854,2025-12-13 11:40:00 +01,BL-80930
rec_031,1146-0906,2025-12-12 16:00:00 +01,BL-80930
rec_031,0818-0437,2025-12-11 14:10:00 +01,BL-80930
rec_031,0759-0165,2025-12-12 09:40:00 +01,BL-80930
rec_031,1016-1491,2025-12-12 00:30:00 +01,BL-80930
rec_031,0999-1254,2025-12-12 06:40:00 +01,BL-80930
rec_031,1127-1802,2025-12-11 16:10:00 +01,BL-80930
rec_031,0819-2012,2025-12-12 09:40:00 +01,BL-80930
rec_031,0802-1891,2025-12-12 05:50:00 +01,BL-80930
rec_031,1089-2078,2025-12-11 07:00:00 +01,BL-80930
rec_031,1133-1406,2025-12-11 03:40:00 +01,BL-80930
rec_031,0704-0951,2025-12-11 00:10:00 +01,BL-80930
rec_031,0179-0432,2025-12-12 14:40:00 +01,BL-80930
rec_031,0805-0695,2025-12-13 01:30:00 +01,BL-80930
rec_031,0500-1404,2025-12-11 02:40:00 +01,BL-80930
rec_031,1131-1558,2025-12-11 10:50:00 +01,BL-80930
rec_031,0554-0911,2025-12-10 23:20:00 +01,BL-80930
rec_031,0304-0217,2025-12-12 17:40:00 +01,BL-80930
rec_031,1135-0926,2025-12-11 10:40:00 +01,BL-80930
rec_031,0555-1411,2025-12-10 21:20:00 +01,BL-80930
rec_031,0384-0147,2025-12-12 11:50:00 +01,BL-80930
rec_031,0925-1698,2025-12-12 09:10:00 +01,BL-80930
rec_031,0340-0193,2025-12-13 09:10:00 +01,BL-80930
rec_031,0810-1792,NA,BL-80930
rec_031,0266-2091,2025-12-11 08:40:00 +01,BL-80930
rec_031,0988-0610,2025-12-13 03:20:00 +01,BL-80930
rec_031,1144-1650,2025-12-10 20:10:00 +01,BL-80930
rec_031,1022-0345,2025-12-13 14:20:00 +01,BL-80930
rec_031,1119-0614,2025-12-12 05:50:00 +01,BL-80930
rec_031,0367-0991,2025-12-11 11:50:00 +01,BL-80930
rec_031,0441-0984,2025-12-10 21:50:00 +01,BL-80930
rec_031,0472-0208,2025-12-11 04:00:00 +01,BL-80930
rec_031,0495-1961,2025-12-11 09:50:00 +01,BL-80930
rec_031,0478-1400,2025-12-11 06:20:00 +01,BL-80930
rec_031,0237-1703,2025-12-11 02:00:00 +01,BL-80930
rec_031,1104-0204,2025-12-12 12:10:00 +01,BL-80930
rec_031,0452-0174,2025-12-11 14:40:00 +01,BL-80930
rec_031,0826-0446,2025-12-13 15:00:00 +01,BL-80930
rec_031,0844-1846,2025-12-13 19:00:00 +01,BL-80930
rec_031,1182-1900,2025-12-11 07:40:00 +01,BL-80930
rec_031,0512-1010,2025-12-11 00:50:00 +01,BL-80930
rec_031,0485-0154,2025-12-11 11:10:00 +01,BL-80930
rec_031,0493-1474,2025-12-12 05:50:00 +01,BL-80930
rec_031,1085-0910,2025-12-13 13:50:00 +01,BL-80930
rec_031,0496-2082,2025-12-10 16:10:00 +01,BL-80930
rec_031,0550-1248,2025-12-11 01:10:00 +01,BL-80930
rec_031,1182-0657,2025-12-12 00:50:00 +01,BL-80930
rec_031,1024-1831,2025-12-12 12:50:00 +01,BL-80930
rec_031,1024-0846,NA,BL-80930
rec_031,0522-0259,2025-12-11 06:30:00 +01,BL-80930
rec_031,0339-1940,2025-12-11 21:10:00 +01,BL-80930
rec_031,1076-1888,2025-12-11 07:40:00 +01,BL-80930
rec_031,1132-0406,2025-12-12 09:00:00 +01,BL-80930
rec_031,0511-2123,2025-12-11 06:10:00 +01,BL-80930
rec_031,0891-2170,2025-12-11 19:50:00 +01,BL-80930
rec_031,0332-1621,2025-12-11 04:20:00 +01,BL-80930
rec_031,0197-1267,2025-12-13 02:20:00 +01,BL-80930
rec_031,0893-0686,2025-12-13 06:00:00 +01,BL-80930
rec_031,0801-2115,2025-12-12 07:50:00 +01,BL-80930
rec_031,0942-2054,2025-12-11 19:00:00 +01,BL-80930
rec_031,1038-1801,2025-12-12 16:00:00 +01,BL-80930
rec_031,0528-2100,2025-12-11 01:50:00 +01,BL-80930
rec_031,0849-0469,2025-12-13 12:30:00 +01,BL-80930
rec_031,0686-1678,2025-12-12 02:10:00 +01,BL-80930
rec_031,0484-0739,2025-12-11 09:10:00 +01,BL-80930
rec_031,1077-0168,2025-12-13 03:20:00 +01,BL-80930
rec_031,1189-1310,2025-12-11 02:20:00 +01,BL-80930
rec_031,0858-0282,NA,BL-80930
rec_031,0252-2119,2025-12-11 12:10:00 +01,BL-80930
rec_031,1078-1752,2025-12-11 02:40:00 +01,BL-80930
rec_031,0155-1750,2025-12-11 12:00:00 +01,BL-80930
rec_031,0513-1522,2025-12-13 00:10:00 +01,BL-80930
rec_031,0980-1757,2025-12-11 20:20:00 +01,BL-80930
rec_031,0912-0159,2025-12-12 18:20:00 +01,BL-80930
rec_031,0912-0476,2025-12-13 04:40:00 +01,BL-80930
rec_031,1116-1317,2025-12-11 09:40:00 +01,BL-80930
rec_031,0820-2135,2025-12-12 09:10:00 +01,BL-80930
rec_031,0848-1663,2025-12-12 13:40:00 +01,BL-80930
rec_031,0460-1908,2025-12-12 03:20:00 +01,BL-80930
rec_031,0471-1948,2025-12-11 03:50:00 +01,BL-80930
rec_031,0340-0115,2025-12-13 10:50:00 +01,BL-80930
rec_031,1089-1776,2025-12-11 01:00:00 +01,BL-80930
rec_031,1154-1855,2025-12-11 07:10:00 +01,BL-80930
rec_031,0189-1303,2025-12-11 14:30:00 +01,BL-80930
rec_031,0329-2186,2025-12-13 02:00:00 +01,BL-80930
rec_031,0372-1974,2025-12-12 02:10:00 +01,BL-80930
rec_031,0884-0399,2025-12-13 07:40:00 +01,BL-80930
rec_031,0492-0748,2025-12-11 20:40:00 +01,BL-80930
rec_031,1171-1330,2025-12-11 17:20:00 +01,BL-80930
rec_031,1195-0572,2025-12-11 02:20:00 +01,BL-80930
rec_031,1133-1568,2025-12-11 16:40:00 +01,BL-80930
rec_031,0431-2166,2025-12-10 17:10:00 +01,BL-80930
rec_031,1026-0738,2025-12-13 03:10:00 +01,BL-80930
rec_031,0537-1598,2025-12-12 13:00:00 +01,BL-80930
rec_031,0199-1447,2025-12-11 13:50:00 +01,BL-80930
rec_031,0485-2139,2025-12-11 03:00:00 +01,BL-80930
rec_031,0997-0290,2025-12-13 05:30:00 +01,BL-80930
rec_031,0494-1825,2025-12-12 02:00:00 +01,BL-80930
rec_031,0816-0127,2025-12-11 19:00:00 +01,BL-80930
rec_031,0473-2056,2025-12-11 06:00:00 +01,BL-80930
rec_031,0484-0210,2025-12-12 02:00:00 +01,BL-80930
rec_031,1184-0939,2025-12-12 09:00:00 +01,BL-80930
rec_031,1116-1350,NA,BL-80930
rec_031,0476-2169,2025-12-10 22:50:00 +01,BL-80930
rec_031,1064-0195,2025-12-12 17:10:00 +01,BL-80930
rec_031,0560-0833,2025-12-11 18:20:00 +01,BL-80930
rec_031,0534-0208,2025-12-11 01:00:00 +01,BL-80930
rec_031,0167-0948,2025-12-12 08:00:00 +01,BL-80930
rec_031,1079-2122,2025-12-11 12:30:00 +01,BL-80930
rec_031,1037-0952,NA,BL-80930
rec_031,0467-1113,2025-12-10 21:20:00 +01,BL-80930
rec_031,1011-2154,2025-12-11 06:50:00 +01,BL-80930
rec_031,0551-0140,2025-12-11 09:20:00 +01,BL-80930
rec_031,0283-0458,2025-12-14 12:30:00 +01,BL-80930
rec_031,0884-0481,2025-12-13 01:30:00 +01,BL-80930
rec_031,0971-2052,2025-12-12 10:30:00 +01,BL-80930
rec_031,0396-1970,2025-12-11 17:40:00 +01,BL-80930
rec_031,0326-1473,2025-12-13 01:10:00 +01,BL-80930
rec_031,0987-1838,2025-12-12 07:40:00 +01,BL-80930
rec_031,0524-1743,2025-12-10 17:50:00 +01,BL-80930
rec_031,0367-1202,2025-12-11 05:00:00 +01,BL-80930
rec_031,0271-0994,2025-12-11 07:50:00 +01,BL-80930
rec_031,0382-0771,2025-12-11 22:40:00 +01,BL-80930
rec_031,1160-1899,2025-12-11 01:00:00 +01,BL-80930
rec_031,0532-1505,2025-12-10 23:00:00 +01,BL-80930
rec_031,0368-1430,NA,BL-80930
rec_031,0872-1913,2025-12-12 06:30:00 +01,BL-80930
rec_031,0428-1060,NA,BL-80930
rec_031,1082-1268,2025-12-12 04:30:00 +01,BL-80930
rec_031,0487-1799,2025-12-12 00:50:00 +01,BL-80930
rec_031,1154-1570,2025-12-12 01:10:00 +01,BL-80930
rec_031,0950-1758,2025-12-12 01:30:00 +01,BL-80930
rec_031,0549-1667,2025-12-11 23:20:00 +01,BL-80930
rec_031,1076-1346,2025-12-12 19:30:00 +01,BL-80930
rec_031,0104-2084,2025-12-12 21:10:00 +01,BL-80930
rec_031,0495-1854,2025-12-10 22:10:00 +01,BL-80930
rec_031,0907-1740,NA,BL-80930
rec_031,0528-1105,2025-12-10 22:50:00 +01,BL-80930
rec_031,0518-1772,2025-12-12 03:40:00 +01,BL-80930
rec_031,0949-2002,2025-12-11 15:00:00 +01,BL-80930
rec_031,0744-0458,2025-12-13 20:40:00 +01,BL-80930
rec_031,1124-0552,2025-12-12 22:20:00 +01,BL-80930
rec_031,1150-1292,2025-12-12 01:20:00 +01,BL-80930
rec_031,1083-1742,2025-12-13 19:30:00 +01,BL-80930
rec_031,0550-0863,2025-12-11 11:20:00 +01,BL-80930
rec_031,1157-1369,2025-12-11 20:20:00 +01,BL-80930
rec_031,0479-1233,2025-12-10 23:20:00 +01,BL-80930
rec_031,1056-2160,2025-12-11 05:30:00 +01,BL-80930
rec_031,1066-1673,2025-12-11 01:00:00 +01,BL-80930
rec_031,1084-0356,2025-12-11 19:30:00 +01,BL-80930
rec_031,1155-0762,2025-12-12 21:10:00 +01,BL-80930
rec_031,1155-0919,2025-12-11 18:40:00 +01,BL-80930
rec_031,1174-1007,2025-12-12 21:50:00 +01,BL-80930
rec_031,0792-0946,2025-12-11 01:30:00 +01,BL-80930
rec_031,0759-0197,2025-12-11 04:30:00 +01,BL-80930
rec_031,0434-1428,2025-12-11 17:20:00 +01,BL-80930
rec_031,0973-0235,2025-12-12 18:20:00 +01,BL-80930
rec_031,1099-1717,2025-12-11 18:40:00 +01,BL-80930
rec_031,1159-0638,2025-12-12 05:00:00 +01,BL-80930
rec_031,0994-1794,2025-12-11 13:00:00 +01,BL-80930
rec_031,1202-0992,2025-12-12 11:00:00 +01,BL-80930
rec_031,0727-1969,NA,BL-80930
rec_031,0422-1648,2025-12-13 02:20:00 +01,BL-80930
rec_031,1081-0934,2025-12-13 05:50:00 +01,BL-80930
rec_031,1115-1580,2025-12-12 21:50:00 +01,BL-80930
rec_031,1194-0524,2025-12-12 15:50:00 +01,BL-80930
rec_031,0360-1665,2025-12-11 04:40:00 +01,BL-80930
rec_031,0514-0753,2025-12-10 23:00:00 +01,BL-80930
rec_031,0170-1482,2025-12-11 08:40:00 +01,BL-80930
rec_031,1144-0978,2025-12-13 11:00:00 +01,BL-80930
rec_031,0508-1316,2025-12-11 00:40:00 +01,BL-80930
rec_031,0335-1191,2025-12-11 10:10:00 +01,BL-80930
rec_031,0960-1683,NA,BL-80930
rec_031,0300-2061,2025-12-11 07:40:00 +01,BL-80930
rec_031,0444-1028,2025-12-10 22:40:00 +01,BL-80930
rec_031,1120-0700,2025-12-13 01:10:00 +01,BL-80930
rec_031,0235-1287,2025-12-11 17:30:00 +01,BL-80930
rec_031,1120-1946,2025-12-11 10:40:00 +01,BL-80930
rec_031,0544-0451,2025-12-12 02:30:00 +01,BL-80930
rec_031,1145-2080,2025-12-11 07:40:00 +01,BL-80930
rec_031,1135-1592,2025-12-11 13:40:00 +01,BL-80930
rec_031,0826-2084,2025-12-11 15:40:00 +01,BL-80930
rec_031,0730-2153,2025-12-13 08:20:00 +01,BL-80930
rec_031,1162-2045,2025-12-11 01:40:00 +01,BL-80930
rec_031,0345-1450,2025-12-12 05:40:00 +01,BL-80930
rec_031,0414-0944,2025-12-11 21:30:00 +01,BL-80930
rec_031,0960-1490,2025-12-12 20:50:00 +01,BL-80930
rec_031,1068-1713,2025-12-11 11:10:00 +01,BL-80930
rec_031,0528-0628,2025-12-11 00:50:00 +01,BL-80930
rec_031,0439-0155,2025-12-13 02:20:00 +01,BL-80930
rec_031,1176-1087,2025-12-12 09:00:00 +01,BL-80930
rec_031,1159-1635,2025-12-11 12:00:00 +01,BL-80930
rec_031,0536-0131,2025-12-11 04:30:00 +01,BL-80930
rec_031,0797-1746,2025-12-12 22:20:00 +01,BL-80930
rec_031,0406-1759,2025-12-11 01:10:00 +01,BL-80930
rec_031,1076-0219,2025-12-13 00:50:00 +01,BL-80930
rec_031,0297-1221,2025-12-12 01:30:00 +01,BL-80930
rec_031,0719-0987,2025-12-10 17:40:00 +01,BL-80930
rec_031,0320-0249,2025-12-11 00:40:00 +01,BL-80930
rec_031,0749-0615,2025-12-11 13:30:00 +01,BL-80930
rec_031,1038-2120,NA,BL-80930
rec_031,1118-1383,2025-12-12 05:00:00 +01,BL-80930
rec_031,0541-1547,2025-12-11 22:10:00 +01,BL-80930
rec_031,1071-0114,2025-12-12 18:30:00 +01,BL-80930
rec_031,0956-1721,2025-12-11 22:50:00 +01,BL-80930
rec_031,0364-2068,2025-12-12 05:40:00 +01,BL-80930
rec_031,0340-1712,2025-12-11 11:00:00 +01,BL-80930
rec_031,0463-0219,2025-12-12 20:00:00 +01,BL-80930
rec_031,1001-0268,2025-12-12 18:30:00 +01,BL-80930
rec_031,1064-1795,2025-12-11 10:30:00 +01,BL-80930
rec_031,0783-1345,2025-12-13 01:50:00 +01,BL-80930
rec_031,1035-0114,2025-12-12 11:50:00 +01,BL-80930
rec_031,0920-0265,2025-12-12 14:00:00 +01,BL-80930
rec_031,0890-1928,2025-12-11 17:50:00 +01,BL-80930
rec_031,0559-0799,2025-12-11 19:00:00 +01,BL-80930
rec_031,0425-0591,2025-12-11 02:00:00 +01,BL-80930
rec_031,0816-0476,2025-12-13 09:00:00 +01,BL-80930
rec_031,0200-1842,2025-12-13 19:30:00 +01,BL-80930
rec_031,0937-0646,2025-12-13 05:50:00 +01,BL-80930
rec_031,0919-0356,2025-12-11 18:30:00 +01,BL-80930
rec_031,1133-1504,2025-12-11 15:00:00 +01,BL-80930
rec_031,0310-2003,2025-12-11 11:30:00 +01,BL-80930
rec_031,0555-0463,2025-12-11 08:00:00 +01,BL-80930
rec_031,0529-2013,2025-12-11 02:20:00 +01,BL-80930
rec_031,0443-1620,2025-12-12 23:30:00 +01,BL-80930
rec_031,0444-1047,2025-12-10 20:10:00 +01,BL-80930
rec_031,0428-0170,2025-12-12 15:20:00 +01,BL-80930
rec_031,0566-1855,2025-12-11 09:50:00 +01,BL-80930
rec_031,0306-1335,2025-12-12 21:40:00 +01,BL-80930
rec_031,0936-1869,2025-12-12 00:00:00 +01,BL-80930
rec_031,1072-0153,NA,BL-80930
rec_031,0817-1058,2025-12-11 13:40:00 +01,BL-80930
rec_031,1089-0187,2025-12-12 14:20:00 +01,BL-80930
rec_031,0866-0634,2025-12-13 08:40:00 +01,BL-80930
rec_031,1033-0216,2025-12-12 19:30:00 +01,BL-80930
rec_031,0338-0288,2025-12-13 12:20:00 +01,BL-80930
rec_031,1098-0755,2025-12-11 14:20:00 +01,BL-80930
rec_031,1022-0198,2025-12-13 00:10:00 +01,BL-80930
rec_031,1054-0372,2025-12-12 10:20:00 +01,BL-80930
rec_031,0330-1210,2025-12-11 09:10:00 +01,BL-80930
rec_031,0465-1360,2025-12-11 15:00:00 +01,BL-80930
rec_031,0126-2107,2025-12-11 16:00:00 +01,BL-80930
rec_031,0552-0128,2025-12-11 02:20:00 +01,BL-80930
rec_031,0709-1518,2025-12-13 01:40:00 +01,BL-80930
rec_031,0931-0439,2025-12-13 10:20:00 +01,BL-80930
rec_031,0550-0418,2025-12-13 02:10:00 +01,BL-80930
rec_031,1159-0601,NA,BL-80930
rec_031,0501-1117,2025-12-12 05:40:00 +01,BL-80930
rec_031,1056-2134,2025-12-11 05:00:00 +01,BL-80930
rec_031,0300-0207,2025-12-11 11:10:00 +01,BL-80930
rec_031,1156-1590,2025-12-11 19:10:00 +01,BL-80930
rec_031,0467-1973,2025-12-11 04:30:00 +01,BL-80930
rec_031,0815-2047,2025-12-12 05:10:00 +01,BL-80930
rec_031,1154-0456,2025-12-12 12:40:00 +01,BL-80930
rec_031,0410-0702,2025-12-11 12:50:00 +01,BL-80930
rec_031,1108-1902,2025-12-11 04:10:00 +01,BL-80930
rec_031,1167-0955,2025-12-12 10:00:00 +01,BL-80930
rec_031,1139-0520,2025-12-12 09:10:00 +01,BL-80930
rec_031,0916-1809,2025-12-12 12:10:00 +01,BL-80930
rec_031,0781-1038,2025-12-11 11:00:00 +01,BL-80930
rec_031,0912-2115,2025-12-11 23:40:00 +01,BL-80930
rec_031,1138-1718,2025-12-11 09:20:00 +01,BL-80930
rec_031,0481-1914,2025-12-10 23:40:00 +01,BL-80930
rec_031,0528-0413,2025-12-12 00:50:00 +01,BL-80930
rec_031,0312-1403,2025-12-11 10:30:00 +01,BL-80930
rec_031,1017-1814,2025-12-12 12:40:00 +01,BL-80930
rec_031,0356-1832,2025-12-11 15:30:00 +01,BL-80930
rec_031,0461-0123,2025-12-12 01:10:00 +01,BL-80930
rec_031,0435-0862,2025-12-12 02:50:00 +01,BL-80930
rec_031,0850-2097,2025-12-12 22:10:00 +01,BL-80930
rec_031,0510-0647,2025-12-11 04:40:00 +01,BL-80930
rec_031,1060-1341,2025-12-12 10:00:00 +01,BL-80930
rec_031,0384-1245,2025-12-11 11:30:00 +01,BL-80930
rec_031,1014-1989,2025-12-12 20:00:00 +01,BL-80930
rec_031,1020-0698,NA,BL-80930
rec_031,0990-2084,2025-12-13 07:40:00 +01,BL-80930
rec_031,0526-0545,2025-12-11 07:30:00 +01,BL-80930
rec_031,0371-2044,2025-12-11 14:40:00 +01,BL-80930
rec_031,0997-0245,2025-12-13 14:50:00 +01,BL-80930
rec_031,0956-0184,2025-12-11 12:50:00 +01,BL-80930
rec_031,1039-0198,2025-12-12 23:20:00 +01,BL-80930
rec_031,0246-0144,2025-12-12 00:10:00 +01,BL-80930
rec_031,1012-0253,2025-12-12 04:10:00 +01,BL-80930
rec_031,0450-1907,2025-12-11 15:50:00 +01,BL-80930
rec_031,1087-1065,NA,BL-80930
rec_031,0497-0327,2025-12-12 08:10:00 +01,BL-80930
rec_031,0487-0606,2025-12-12 08:30:00 +01,BL-80930
rec_031,0876-0692,2025-12-13 03:20:00 +01,BL-80930
rec_031,0916-1686,2025-12-11 06:50:00 +01,BL-80930
rec_031,0512-1879,2025-12-11 05:50:00 +01,BL-80930
rec_031,0962-0774,2025-12-11 11:40:00 +01,BL-80930
rec_031,0535-0527,2025-12-11 14:00:00 +01,BL-80930
rec_031,1047-1696,2025-12-12 21:30:00 +01,BL-80930
rec_031,0286-1902,2025-12-11 18:40:00 +01,BL-80930
rec_031,1081-1597,2025-12-10 21:00:00 +01,BL-80930
rec_031,0304-1191,2025-12-11 13:30:00 +01,BL-80930
rec_031,0552-0608,2025-12-12 10:10:00 +01,BL-80930
rec_031,0328-2209,2025-12-11 08:50:00 +01,BL-80930
rec_031,0516-0394,2025-12-12 08:40:00 +01,BL-80930
rec_031,0975-0432,2025-12-12 15:40:00 +01,BL-80930
rec_031,0238-0899,2025-12-12 04:20:00 +01,BL-80930
rec_031,0413-1469,2025-12-12 06:00:00 +01,BL-80930
rec_031,0496-2008,2025-12-11 06:10:00 +01,BL-80930
rec_031,0853-0142,2025-12-11 12:20:00 +01,BL-80930
rec_031,0493-1699,2025-12-11 10:00:00 +01,BL-80930
rec_031,0392-1269,2025-12-11 12:50:00 +01,BL-80930
rec_031,0904-2171,2025-12-12 04:50:00 +01,BL-80930
rec_031,0933-1226,2025-12-12 08:50:00 +01,BL-80930
rec_031,0413-0139,2025-12-12 07:20:00 +01,BL-80930
rec_031,0428-1332,2025-12-11 00:40:00 +01,BL-80930
rec_031,0544-1614,2025-12-10 18:50:00 +01,BL-80930
rec_031,0390-2186,2025-12-11 06:10:00 +01,BL-80930
rec_031,0516-1796,2025-12-11 10:00:00 +01,BL-80930
rec_031,1085-0270,NA,BL-80930
rec_031,0430-2113,2025-12-10 22:20:00 +01,BL-80930
rec_031,0515-0353,2025-12-12 19:00:00 +01,BL-80930
rec_031,0471-1692,2025-12-11 04:50:00 +01,BL-80930
rec_031,0881-1728,NA,BL-80930
rec_031,0962-0632,2025-12-11 00:30:00 +01,BL-80930
rec_031,0828-0153,2025-12-11 09:00:00 +01,BL-80930
rec_031,1077-1541,2025-12-12 06:50:00 +01,BL-80930
rec_031,0926-1361,2025-12-12 15:20:00 +01,BL-80930
rec_031,0403-0975,2025-12-10 21:00:00 +01,BL-80930
rec_031,1023-2035,2025-12-11 05:50:00 +01,BL-80930
rec_031,0294-0160,2025-12-12 12:50:00 +01,BL-80930
rec_031,0554-0282,2025-12-11 18:10:00 +01,BL-80930
rec_031,0920-2035,2025-12-11 14:10:00 +01,BL-80930
rec_031,0487-0817,2025-12-11 11:00:00 +01,BL-80930
rec_031,0369-1298,2025-12-11 17:40:00 +01,BL-80930
rec_031,0402-2064,2025-12-11 07:00:00 +01,BL-80930
rec_031,0855-0544,2025-12-11 19:30:00 +01,BL-80930
rec_031,0215-0980,2025-12-11 20:40:00 +01,BL-80930
rec_031,0902-0772,2025-12-11 08:10:00 +01,BL-80930
rec_031,0880-0501,2025-12-13 00:00:00 +01,BL-80930
rec_031,0415-1252,2025-12-11 07:30:00 +01,BL-80930
rec_031,0761-2149,2025-12-13 00:10:00 +01,BL-80930
rec_031,0549-1652,2025-12-11 20:20:00 +01,BL-80930
rec_031,0461-1026,2025-12-11 00:00:00 +01,BL-80930
rec_031,0475-1810,2025-12-11 17:40:00 +01,BL-80930
rec_031,0433-0286,2025-12-13 00:10:00 +01,BL-80930
rec_031,0451-1122,2025-12-12 06:10:00 +01,BL-80930
rec_031,0962-0698,2025-12-11 13:10:00 +01,BL-80930
rec_031,1018-0157,NA,BL-80930
rec_031,1036-1637,NA,BL-80930
rec_031,0381-1433,2025-12-11 12:50:00 +01,BL-80930
rec_031,0524-1690,2025-12-11 09:20:00 +01,BL-80930
rec_031,0362-2161,2025-12-11 10:30:00 +01,BL-80930
rec_031,1145-0851,2025-12-10 21:10:00 +01,BL-80930
rec_031,0769-0485,2025-12-11 08:40:00 +01,BL-80930
rec_031,1177-0685,2025-12-12 18:20:00 +01,BL-80930
rec_031,1127-1760,2025-12-11 09:50:00 +01,BL-80930
rec_031,0900-0668,2025-12-13 01:50:00 +01,BL-80930
rec_031,0325-1942,2025-12-11 15:50:00 +01,BL-80930
rec_031,1151-1378,2025-12-12 09:20:00 +01,BL-80930
rec_031,1082-2060,2025-12-11 03:50:00 +01,BL-80930
rec_031,0824-0875,2025-12-11 09:10:00 +01,BL-80930
rec_031,0433-1678,2025-12-12 01:00:00 +01,BL-80930
rec_031,1105-2091,2025-12-11 05:30:00 +01,BL-80930
rec_031,1151-1018,2025-12-12 07:40:00 +01,BL-80930
rec_031,1112-0518,2025-12-12 06:40:00 +01,BL-80930
rec_031,1123-1529,2025-12-11 09:40:00 +01,BL-80930
rec_031,1125-1850,2025-12-11 08:40:00 +01,BL-80930
rec_031,1161-1324,2025-12-11 12:00:00 +01,BL-80930
rec_031,0498-0536,2025-12-12 07:40:00 +01,BL-80930
rec_031,0901-1494,2025-12-11 15:50:00 +01,BL-80930
rec_031,1136-1421,2025-12-11 00:40:00 +01,BL-80930
rec_031,0360-2094,2025-12-11 14:20:00 +01,BL-80930
rec_031,0444-2040,2025-12-11 10:50:00 +01,BL-80930
rec_031,1152-0545,2025-12-12 09:30:00 +01,BL-80930
rec_031,0492-1456,2025-12-11 13:10:00 +01,BL-80930
rec_031,1074-0207,2025-12-13 07:40:00 +01,BL-80930
rec_031,0171-1709,2025-12-11 00:10:00 +01,BL-80930
rec_031,1057-0800,2025-12-13 08:20:00 +01,BL-80930
rec_031,0550-0525,2025-12-11 17:40:00 +01,BL-80930
rec_031,0773-0122,2025-12-12 12:40:00 +01,BL-80930
rec_031,0449-1347,2025-12-11 11:40:00 +01,BL-80930
rec_031,1036-2048,2025-12-12 01:30:00 +01,BL-80930
rec_031,1007-1700,2025-12-11 14:40:00 +01,BL-80930
rec_031,0371-0873,2025-12-13 14:00:00 +01,BL-80930
rec_031,1063-0762,2025-12-12 20:20:00 +01,BL-80930
rec_031,0526-0855,2025-12-11 07:30:00 +01,BL-80930
rec_031,0494-1752,2025-12-11 03:10:00 +01,BL-80930
rec_031,0540-1528,2025-12-11 09:20:00 +01,BL-80930
rec_031,0413-0110,2025-12-12 16:50:00 +01,BL-80930
rec_031,0508-0159,2025-12-11 12:50:00 +01,BL-80930
rec_031,0423-0129,2025-12-11 11:40:00 +01,BL-80930
rec_031,0791-2097,2025-12-12 14:20:00 +01,BL-80930
rec_031,1079-2094,2025-12-11 03:40:00 +01,BL-80930
rec_031,0922-0461,2025-12-12 01:40:00 +01,BL-80930
rec_031,0816-1517,NA,BL-80930
rec_031,0954-1256,2025-12-12 10:30:00 +01,BL-80930
rec_031,0541-1372,NA,BL-80930
rec_031,0483-0132,2025-12-11 15:30:00 +01,BL-80930
rec_031,0452-0146,2025-12-12 16:20:00 +01,BL-80930
rec_031,1022-1092,2025-12-11 19:30:00 +01,BL-80930
rec_031,0858-0982,2025-12-11 12:20:00 +01,BL-80930
rec_031,0843-1808,2025-12-12 12:20:00 +01,BL-80930
rec_031,0421-1948,2025-12-11 17:40:00 +01,BL-80930
rec_031,1021-0899,2025-12-11 17:10:00 +01,BL-80930
rec_031,1132-1973,2025-12-11 17:40:00 +01,BL-80930
rec_031,0775-1338,2025-12-12 21:50:00 +01,BL-80930
rec_031,0261-1937,2025-12-11 14:30:00 +01,BL-80930
rec_031,0518-0289,2025-12-11 21:40:00 +01,BL-80930
rec_031,0773-1354,2025-12-12 20:40:00 +01,BL-80930
rec_031,1001-0716,NA,BL-80930
rec_031,1098-0121,2025-12-13 09:30:00 +01,BL-80930
rec_031,0857-0268,NA,BL-80930
rec_031,1143-2008,2025-12-11 00:20:00 +01,BL-80930
rec_031,1142-0956,2025-12-13 05:30:00 +01,BL-80930
rec_031,0460-1813,2025-12-12 03:00:00 +01,BL-80930
rec_031,0745-1050,2025-12-11 10:50:00 +01,BL-80930
rec_031,0488-1286,2025-12-10 23:50:00 +01,BL-80930
rec_031,0204-2003,2025-12-13 03:20:00 +01,BL-80930
rec_031,0950-1369,2025-12-11 04:00:00 +01,BL-80930
rec_031,0419-1077,2025-12-11 06:00:00 +01,BL-80930
rec_031,0529-0378,2025-12-11 05:10:00 +01,BL-80930
rec_031,1003-0732,2025-12-13 08:10:00 +01,BL-80930
rec_031,1145-1088,2025-12-12 12:00:00 +01,BL-80930
rec_031,0286-1234,2025-12-11 10:00:00 +01,BL-80930
rec_031,0901-1848,2025-12-12 02:40:00 +01,BL-80930
rec_031,0525-0922,2025-12-11 00:50:00 +01,BL-80930
rec_031,0464-0782,2025-12-11 07:00:00 +01,BL-80930
rec_031,0787-1413,NA,BL-80930
rec_031,0542-0174,2025-12-11 14:30:00 +01,BL-80930
rec_031,1166-1737,2025-12-13 00:10:00 +01,BL-80930
rec_031,0825-0556,2025-12-13 07:40:00 +01,BL-80930
rec_031,0160-0267,2025-12-11 09:50:00 +01,BL-80930
rec_031,1184-0764,2025-12-12 12:40:00 +01,BL-80930
rec_031,0939-1023,NA,BL-80930
rec_031,0805-0655,NA,BL-80930
rec_031,0454-2200,2025-12-11 10:40:00 +01,BL-80930
rec_031,0957-1942,2025-12-11 12:50:00 +01,BL-80930
rec_031,0542-0711,2025-12-11 07:30:00 +01,BL-80930
rec_031,0285-0738,2025-12-13 10:20:00 +01,BL-80930
rec_031,0461-1390,2025-12-11 09:10:00 +01,BL-80930
rec_031,1106-2124,2025-12-11 08:30:00 +01,BL-80930
rec_031,0173-2055,NA,BL-80930
rec_031,1001-0139,2025-12-11 16:50:00 +01,BL-80930
rec_031,1182-1731,2025-12-11 20:20:00 +01,BL-80930
rec_031,1114-0669,2025-12-12 23:30:00 +01,BL-80930
rec_031,0322-2148,2025-12-12 01:10:00 +01,BL-80930
rec_031,0492-2096,2025-12-11 09:40:00 +01,BL-80930
rec_031,1142-1327,2025-12-11 12:30:00 +01,BL-80930
rec_031,0826-1396,2025-12-13 12:30:00 +01,BL-80930
rec_031,0853-1963,2025-12-11 17:10:00 +01,BL-80930
rec_031,0920-2053,2025-12-11 22:30:00 +01,BL-80930
rec_031,0514-2217,2025-12-10 21:20:00 +01,BL-80930
rec_031,0943-0882,2025-12-11 21:20:00 +01,BL-80930
rec_031,1147-1457,2025-12-11 08:20:00 +01,BL-80930
rec_031,1130-1536,2025-12-12 13:50:00 +01,BL-80930
rec_031,1057-1240,2025-12-11 08:50:00 +01,BL-80930
rec_031,0469-0507,2025-12-12 15:10:00 +01,BL-80930
rec_031,0544-0593,2025-12-11 07:30:00 +01,BL-80930
rec_031,1202-1046,2025-12-12 15:00:00 +01,BL-80930
rec_031,0196-0270,2025-12-11 12:10:00 +01,BL-80930
rec_031,1148-1829,2025-12-12 07:00:00 +01,BL-80930
rec_031,0482-0842,2025-12-11 07:00:00 +01,BL-80930
rec_031,0862-0499,2025-12-13 11:00:00 +01,BL-80930
rec_031,0809-2182,2025-12-12 08:10:00 +01,BL-80930
rec_031,0830-0578,2025-12-11 12:40:00 +01,BL-80930
rec_031,1170-1036,2025-12-12 13:40:00 +01,BL-80930
rec_031,1104-1466,2025-12-11 11:40:00 +01,BL-80930
rec_031,1147-0353,2025-12-12 01:00:00 +01,BL-80930
rec_031,0486-1112,2025-12-12 03:40:00 +01,BL-80930
rec_031,1064-2011,2025-12-11 15:30:00 +01,BL-80930
rec_031,0516-1659,2025-12-12 01:50:00 +01,BL-80930
rec_031,0392-1023,2025-12-13 04:40:00 +01,BL-80930
rec_031,0308-2134,2025-12-11 23:20:00 +01,BL-80930
rec_031,0494-2055,2025-12-11 05:10:00 +01,BL-80930
rec_031,0288-2125,2025-12-11 10:50:00 +01,BL-80930
rec_031,0864-0709,2025-12-13 09:50:00 +01,BL-80930
rec_031,0394-1885,2025-12-11 16:00:00 +01,BL-80930
rec_031,0414-1998,2025-12-11 22:20:00 +01,BL-80930
rec_031,0890-0644,2025-12-11 11:30:00 +01,BL-80930
rec_031,0486-1121,2025-12-13 14:10:00 +01,BL-80930
rec_031,1058-0124,2025-12-12 07:20:00 +01,BL-80930
rec_031,0420-0562,2025-12-11 01:20:00 +01,BL-80930
rec_031,0364-1954,2025-12-11 12:50:00 +01,BL-80930
rec_031,1093-0544,2025-12-12 02:20:00 +01,BL-80930
rec_031,1119-1461,2025-12-10 18:40:00 +01,BL-80930
rec_031,0980-1961,2025-12-11 14:10:00 +01,BL-80930
rec_031,0370-1811,2025-12-11 07:40:00 +01,BL-80930
rec_031,0812-1862,2025-12-11 17:50:00 +01,BL-80930
rec_031,0918-1610,2025-12-11 20:50:00 +01,BL-80930
rec_031,0950-0798,NA,BL-80930
rec_031,1046-2066,2025-12-11 13:20:00 +01,BL-80930
rec_031,0978-0147,2025-12-11 18:30:00 +01,BL-80930
rec_031,0980-0455,2025-12-12 17:10:00 +01,BL-80930
rec_031,0540-1314,2025-12-11 04:40:00 +01,BL-80930
rec_031,0545-0318,2025-12-11 05:00:00 +01,BL-80930
rec_031,1131-1272,2025-12-11 07:40:00 +01,BL-80930
rec_031,1093-2108,2025-12-11 10:30:00 +01,BL-80930
rec_031,0969-1929,NA,BL-80930
rec_031,1130-1475,2025-12-11 09:20:00 +01,BL-80930
rec_031,0276-0294,2025-12-12 19:40:00 +01,BL-80930
rec_031,0508-1086,2025-12-11 02:00:00 +01,BL-80930
rec_031,0436-1945,2025-12-11 10:10:00 +01,BL-80930
rec_031,0722-0551,2025-12-12 00:20:00 +01,BL-80930
rec_031,1172-2042,NA,BL-80930
rec_031,1178-1782,2025-12-11 23:20:00 +01,BL-80930
rec_031,0547-1706,2025-12-11 15:50:00 +01,BL-80930
rec_031,0956-0233,2025-12-12 15:40:00 +01,BL-80930
rec_031,0984-1995,2025-12-11 22:40:00 +01,BL-80930
rec_031,0307-0818,NA,BL-80930
rec_031,0890-0140,2025-12-13 02:10:00 +01,BL-80930
rec_031,1175-0909,2025-12-11 21:30:00 +01,BL-80930
rec_031,1073-2051,2025-12-11 09:30:00 +01,BL-80930
rec_031,0521-1492,2025-12-11 16:20:00 +01,BL-80930
rec_031,1031-1838,2025-12-11 11:10:00 +01,BL-80930
rec_031,0532-1686,2025-12-11 12:50:00 +01,BL-80930
rec_031,0967-2021,2025-12-11 15:20:00 +01,BL-80930
rec_031,0941-1271,2025-12-12 15:40:00 +01,BL-80930
rec_031,1077-1637,2025-12-10 18:10:00 +01,BL-80930
rec_031,1121-0960,2025-12-13 00:00:00 +01,BL-80930
rec_031,0556-0577,2025-12-11 21:00:00 +01,BL-80930
rec_031,1131-1255,2025-12-11 15:20:00 +01,BL-80930
rec_031,1006-0208,2025-12-13 18:30:00 +01,BL-80930
rec_031,1010-2080,2025-12-11 20:20:00 +01,BL-80930
rec_031,0824-1796,2025-12-13 07:40:00 +01,BL-80930
rec_031,0914-0403,2025-12-12 17:10:00 +01,BL-80930
rec_031,1157-1498,2025-12-11 20:30:00 +01,BL-80930
rec_031,0969-2073,2025-12-11 15:00:00 +01,BL-80930
rec_031,0353-1349,2025-12-12 04:00:00 +01,BL-80930
rec_031,1061-1555,2025-12-13 02:10:00 +01,BL-80930
rec_031,0548-1231,NA,BL-80930
rec_031,0418-0737,2025-12-12 00:50:00 +01,BL-80930
rec_031,0534-1200,2025-12-11 04:30:00 +01,BL-80930
rec_031,1182-1392,2025-12-11 18:50:00 +01,BL-80930
rec_031,0495-1647,2025-12-11 14:00:00 +01,BL-80930
rec_031,0292-2112,2025-12-13 00:00:00 +01,BL-80930
rec_031,0472-0898,2025-12-10 21:10:00 +01,BL-80930
rec_031,1157-0561,2025-12-12 06:10:00 +01,BL-80930
rec_031,0854-1574,2025-12-12 19:30:00 +01,BL-80930
rec_031,0254-0235,2025-12-12 23:20:00 +01,BL-80930
rec_031,0178-0461,2025-12-11 06:20:00 +01,BL-80930
rec_031,0442-1287,2025-12-10 23:20:00 +01,BL-80930
rec_031,0957-0591,2025-12-13 20:10:00 +01,BL-80930
rec_031,1097-1492,2025-12-12 02:10:00 +01,BL-80930
rec_031,0415-0377,2025-12-12 16:10:00 +01,BL-80930
rec_031,0490-0870,2025-12-10 20:50:00 +01,BL-80930
rec_031,0309-0231,2025-12-12 07:50:00 +01,BL-80930
rec_031,0318-1899,2025-12-11 03:20:00 +01,BL-80930
rec_031,0504-0170,2025-12-11 20:40:00 +01,BL-80930
rec_031,0967-2030,2025-12-11 19:00:00 +01,BL-80930
rec_031,1051-0510,2025-12-13 01:50:00 +01,BL-80930
rec_031,0844-0877,2025-12-11 03:40:00 +01,BL-80930
rec_031,0888-0440,2025-12-11 13:30:00 +01,BL-80930
rec_031,0550-0265,2025-12-11 07:50:00 +01,BL-80930
rec_031,0445-1114,2025-12-11 15:50:00 +01,BL-80930
rec_031,1133-1453,2025-12-11 16:00:00 +01,BL-80930
rec_031,0398-1224,2025-12-11 18:00:00 +01,BL-80930
rec_031,0205-1048,2025-12-12 04:50:00 +01,BL-80930
rec_031,0478-2037,2025-12-11 04:30:00 +01,BL-80930
rec_031,0376-1821,2025-12-11 18:00:00 +01,BL-80930
rec_031,1090-0989,2025-12-13 12:30:00 +01,BL-80930
rec_031,0967-1737,2025-12-12 02:50:00 +01,BL-80930
rec_031,0537-1566,2025-12-11 13:00:00 +01,BL-80930
rec_031,1079-2148,2025-12-11 00:20:00 +01,BL-80930
rec_031,0546-0404,2025-12-12 02:50:00 +01,BL-80930
rec_031,0890-0334,2025-12-12 19:10:00 +01,BL-80930
rec_031,0801-0725,2025-12-11 18:00:00 +01,BL-80930
rec_031,0475-1209,2025-12-10 16:30:00 +01,BL-80930
rec_031,0491-1045,2025-12-11 02:30:00 +01,BL-80930
rec_031,0385-0119,2025-12-12 00:40:00 +01,BL-80930
rec_031,0502-2180,2025-12-11 00:10:00 +01,BL-80930
rec_031,0501-0242,NA,BL-80930
rec_031,1045-0247,2025-12-12 12:20:00 +01,BL-80930
rec_031,0500-1542,2025-12-12 11:00:00 +01,BL-80930
rec_031,1132-1845,2025-12-10 23:30:00 +01,BL-80930
rec_031,0514-1833,2025-12-12 17:50:00 +01,BL-80930
rec_031,0953-1910,2025-12-12 13:20:00 +01,BL-80930
rec_031,1166-2074,2025-12-12 07:40:00 +01,BL-80930
rec_031,0803-0800,2025-12-13 13:10:00 +01,BL-80930
rec_031,0370-1091,2025-12-11 10:50:00 +01,BL-80930
rec_031,0161-2061,NA,BL-80930
rec_031,0435-0191,2025-12-11 14:00:00 +01,BL-80930
rec_031,0767-1764,2025-12-12 18:00:00 +01,BL-80930
rec_031,0552-0880,2025-12-11 22:30:00 +01,BL-80930
rec_031,1162-1104,2025-12-13 10:10:00 +01,BL-80930
rec_031,1109-1445,2025-12-11 02:30:00 +01,BL-80930
rec_031,0223-0515,2025-12-12 19:10:00 +01,BL-80930
rec_031,0497-1211,2025-12-11 04:40:00 +01,BL-80930
rec_031,0455-1293,2025-12-11 16:50:00 +01,BL-80930
rec_031,0356-1613,2025-12-12 02:10:00 +01,BL-80930
rec_031,0855-1911,2025-12-12 04:50:00 +01,BL-80930
rec_031,1042-2142,2025-12-12 02:40:00 +01,BL-80930
rec_031,0794-1316,2025-12-10 19:30:00 +01,BL-80930
rec_031,1057-0810,2025-12-13 10:50:00 +01,BL-80930
rec_031,0902-0748,NA,BL-80930
rec_031,0822-0970,2025-12-11 12:20:00 +01,BL-80930
rec_031,0415-2183,2025-12-11 07:00:00 +01,BL-80930
rec_031,1133-1036,2025-12-13 03:00:00 +01,BL-80930
rec_031,0455-0113,2025-12-13 02:00:00 +01,BL-80930
rec_031,0493-0471,2025-12-11 23:40:00 +01,BL-80930
rec_031,0881-1924,2025-12-12 15:40:00 +01,BL-80930
rec_031,0818-1889,2025-12-11 17:30:00 +01,BL-80930
rec_031,1144-1031,2025-12-13 00:00:00 +01,BL-80930
rec_031,0401-1420,2025-12-12 06:40:00 +01,BL-80930
rec_031,0440-0851,2025-12-11 19:00:00 +01,BL-80930
rec_031,0464-1767,2025-12-13 14:30:00 +01,BL-80930
rec_031,0463-0274,2025-12-13 11:50:00 +01,BL-80930
rec_031,0526-0654,2025-12-11 13:40:00 +01,BL-80930
rec_031,0803-0681,2025-12-13 01:30:00 +01,BL-80930
rec_031,1190-0782,2025-12-13 10:00:00 +01,BL-80930
rec_031,0563-0241,2025-12-11 20:40:00 +01,BL-80930
rec_031,1023-0383,2025-12-13 08:40:00 +01,BL-80930
rec_031,1142-1914,2025-12-11 07:40:00 +01,BL-80930
rec_031,0334-2173,2025-12-11 06:00:00 +01,BL-80930
rec_031,0856-2003,2025-12-12 03:40:00 +01,BL-80930
rec_031,0910-0375,2025-12-12 22:30:00 +01,BL-80930
rec_031,0496-0123,2025-12-11 06:40:00 +01,BL-80930
rec_031,0378-1462,2025-12-12 03:10:00 +01,BL-80930
rec_031,0947-0426,2025-12-13 02:00:00 +01,BL-80930
rec_031,1147-1052,NA,BL-80930
rec_031,0995-0986,2025-12-12 20:00:00 +01,BL-80930
rec_031,0951-2080,2025-12-12 13:30:00 +01,BL-80930
rec_031,1138-1221,2025-12-11 05:50:00 +01,BL-80930
rec_031,0878-1822,2025-12-12 14:40:00 +01,BL-80930
rec_031,0979-0403,2025-12-12 19:20:00 +01,BL-80930
rec_031,1121-0885,2025-12-13 03:20:00 +01,BL-80930
rec_031,0466-0369,2025-12-12 20:30:00 +01,BL-80930
rec_031,1036-0450,2025-12-13 03:00:00 +01,BL-80930
rec_031,0202-2059,2025-12-12 03:20:00 +01,BL-80930
rec_031,0780-0705,2025-12-11 14:30:00 +01,BL-80930
rec_031,0726-0816,2025-12-11 07:10:00 +01,BL-80930
rec_031,0295-0125,2025-12-11 20:40:00 +01,BL-80930
rec_031,1154-0817,2025-12-13 00:10:00 +01,BL-80930
rec_031,0571-0720,2025-12-11 21:00:00 +01,BL-80930
rec_031,0918-0723,2025-12-11 23:20:00 +01,BL-80930
rec_031,0967-1851,2025-12-12 08:30:00 +01,BL-80930
rec_031,0346-2065,2025-12-12 03:40:00 +01,BL-80930
rec_031,0505-0770,2025-12-12 20:30:00 +01,BL-80930
rec_031,1171-1451,2025-12-11 21:20:00 +01,BL-80930
rec_031,1077-0430,2025-12-11 21:30:00 +01,BL-80930
rec_031,1022-0450,2025-12-12 17:50:00 +01,BL-80930
rec_031,0992-0642,2025-12-11 19:50:00 +01,BL-80930
rec_031,0511-1069,2025-12-10 20:00:00 +01,BL-80930
rec_031,1096-0603,2025-12-11 17:50:00 +01,BL-80930
rec_031,0999-1984,NA,BL-80930
rec_031,0285-1207,2025-12-11 00:50:00 +01,BL-80930
rec_031,0456-1994,2025-12-11 07:20:00 +01,BL-80930
rec_031,0403-2192,2025-12-11 09:50:00 +01,BL-80930
rec_031,1169-0797,NA,BL-80930
rec_031,0938-2017,2025-12-12 10:20:00 +01,BL-80930
rec_031,0229-1376,NA,BL-80930
rec_031,1145-1678,2025-12-11 18:40:00 +01,BL-80930
rec_031,1019-1679,2025-12-12 17:10:00 +01,BL-80930
rec_031,1136-2135,2025-12-12 06:30:00 +01,BL-80930
rec_031,0872-0530,2025-12-11 12:00:00 +01,BL-80930
rec_031,0514-0579,2025-12-12 13:40:00 +01,BL-80930
rec_031,1109-0333,NA,BL-80930
rec_031,0501-2192,2025-12-11 04:20:00 +01,BL-80930
rec_031,0312-2030,2025-12-11 21:50:00 +01,BL-80930
rec_031,0432-1626,2025-12-13 02:20:00 +01,BL-80930
rec_031,0950-0978,NA,BL-80930
rec_031,0821-0747,NA,BL-80930
rec_031,0391-0159,2025-12-11 19:00:00 +01,BL-80930
rec_031,0512-0964,2025-12-11 02:30:00 +01,BL-80930
rec_031,0341-0128,2025-12-13 01:50:00 +01,BL-80930
rec_031,1109-0233,NA,BL-80930
rec_031,1038-0327,2025-12-13 20:40:00 +01,BL-80930
rec_031,0555-0348,2025-12-10 22:20:00 +01,BL-80930
rec_031,0492-0722,2025-12-11 05:30:00 +01,BL-80930
rec_031,0380-1333,2025-12-11 12:20:00 +01,BL-80930
rec_031,1092-0397,2025-12-12 20:10:00 +01,BL-80930
rec_031,1050-1804,2025-12-11 14:10:00 +01,BL-80930
rec_031,0287-0923,2025-12-13 04:40:00 +01,BL-80930
rec_031,0970-0828,NA,BL-80930
rec_031,0323-0367,2025-12-13 04:40:00 +01,BL-80930
rec_031,0549-0949,2025-12-11 09:10:00 +01,BL-80930
rec_031,0825-1959,NA,BL-80930
rec_031,0883-0468,2025-12-13 14:10:00 +01,BL-80930
rec_031,1012-0366,2025-12-13 02:00:00 +01,BL-80930
rec_031,1148-1632,2025-12-11 07:10:00 +01,BL-80930
rec_031,1154-0519,2025-12-12 19:30:00 +01,BL-80930
rec_031,0461-1044,2025-12-11 03:20:00 +01,BL-80930
rec_031,0499-0826,2025-12-12 09:50:00 +01,BL-80930
rec_031,0715-1038,NA,BL-80930
rec_031,0537-1837,2025-12-12 02:20:00 +01,BL-80930
rec_031,1149-0739,NA,BL-80930
rec_031,0941-0863,2025-12-13 16:30:00 +01,BL-80930
rec_031,0315-1005,2025-12-11 13:10:00 +01,BL-80930
rec_031,1107-0828,NA,BL-80930
rec_031,0547-1569,2025-12-12 12:40:00 +01,BL-80930
rec_031,0943-1977,2025-12-11 16:00:00 +01,BL-80930
rec_031,0561-1864,2025-12-13 01:50:00 +01,BL-80930
rec_031,0487-1238,2025-12-11 10:30:00 +01,BL-80930
rec_031,0423-1197,2025-12-11 12:40:00 +01,BL-80930
rec_031,0998-0228,2025-12-13 03:30:00 +01,BL-80930
rec_031,1109-0260,2025-12-12 07:30:00 +01,BL-80930
rec_031,0497-0679,2025-12-11 05:10:00 +01,BL-80930
rec_031,0749-2005,2025-12-12 22:00:00 +01,BL-80930
rec_031,0296-2017,2025-12-11 22:30:00 +01,BL-80930
rec_031,0804-2152,2025-12-12 09:50:00 +01,BL-80930
rec_031,0914-0677,2025-12-12 08:10:00 +01,BL-80930
rec_031,0744-0562,NA,BL-80930
rec_031,1001-1039,2025-12-13 10:30:00 +01,BL-80930
rec_031,0205-0424,2025-12-13 09:40:00 +01,BL-80930
rec_031,0524-1894,2025-12-11 06:00:00 +01,BL-80930
rec_031,1032-2133,2025-12-13 02:20:00 +01,BL-80930
rec_031,0872-2088,2025-12-13 05:50:00 +01,BL-80930
rec_031,0566-1287,2025-12-11 02:10:00 +01,BL-80930
rec_031,0405-0799,2025-12-11 21:40:00 +01,BL-80930
rec_031,1069-2190,2025-12-11 13:20:00 +01,BL-80930
rec_031,1028-0535,NA,BL-80930
rec_031,1062-2179,2025-12-11 06:00:00 +01,BL-80930
rec_031,0802-1989,2025-12-12 08:30:00 +01,BL-80930
rec_031,0304-1941,2025-12-12 00:20:00 +01,BL-80930
rec_031,1088-0471,2025-12-12 18:30:00 +01,BL-80930
rec_031,0814-0804,2025-12-11 19:00:00 +01,BL-80930
rec_031,0463-1420,2025-12-11 18:30:00 +01,BL-80930
rec_031,1060-0353,NA,BL-80930
rec_031,0304-0384,2025-12-12 18:50:00 +01,BL-80930
rec_031,0392-0875,2025-12-11 16:40:00 +01,BL-80930
rec_031,0469-1096,2025-12-11 17:00:00 +01,BL-80930
rec_031,1050-0257,2025-12-14 12:30:00 +01,BL-80930
rec_031,1172-0723,NA,BL-80930
rec_031,1009-0480,2025-12-13 04:30:00 +01,BL-80930
rec_031,0265-1218,2025-12-10 22:20:00 +01,BL-80930
rec_031,0509-0287,2025-12-12 04:00:00 +01,BL-80930
rec_031,0427-1041,2025-12-11 04:30:00 +01,BL-80930
rec_031,0487-0582,2025-12-11 12:50:00 +01,BL-80930
rec_031,1106-1365,2025-12-11 00:00:00 +01,BL-80930
rec_031,0966-0721,2025-12-11 17:30:00 +01,BL-80930
rec_031,1185-0505,2025-12-12 03:50:00 +01,BL-80930
rec_031,1059-0791,2025-12-13 01:00:00 +01,BL-80930
rec_031,0360-0805,NA,BL-80930
rec_031,1091-2030,2025-12-12 05:20:00 +01,BL-80930
rec_031,0910-0433,2025-12-12 22:40:00 +01,BL-80930
rec_031,0533-0115,2025-12-11 01:30:00 +01,BL-80930
rec_031,0871-0670,2025-12-11 14:30:00 +01,BL-80930
rec_031,0513-0616,2025-12-11 22:50:00 +01,BL-80930
rec_031,0769-1959,NA,BL-80930
rec_031,1121-1566,2025-12-11 05:20:00 +01,BL-80930
rec_031,1161-0752,2025-12-12 19:30:00 +01,BL-80930
rec_031,0482-0624,2025-12-12 10:50:00 +01,BL-80930
rec_031,0451-1245,2025-12-11 23:20:00 +01,BL-80930
rec_031,0406-1880,2025-12-11 03:30:00 +01,BL-80930
rec_031,0877-0414,2025-12-12 17:40:00 +01,BL-80930
rec_031,0460-1241,2025-12-11 10:40:00 +01,BL-80930
rec_031,1149-0270,2025-12-12 15:10:00 +01,BL-80930
rec_031,0846-1633,2025-12-13 02:10:00 +01,BL-80930
rec_031,0750-0699,2025-12-12 14:20:00 +01,BL-80930
rec_031,0385-1232,2025-12-12 03:10:00 +01,BL-80930
rec_031,0538-0700,2025-12-11 21:20:00 +01,BL-80930
rec_031,0751-1297,2025-12-11 10:00:00 +01,BL-80930
rec_031,1010-1792,2025-12-12 10:50:00 +01,BL-80930
rec_031,0432-0624,2025-12-13 20:40:00 +01,BL-80930
rec_031,0411-1370,2025-12-13 04:30:00 +01,BL-80930
rec_031,0862-1867,2025-12-11 14:30:00 +01,BL-80930
rec_031,0477-1266,2025-12-11 07:30:00 +01,BL-80930
rec_031,1010-0422,2025-12-12 20:50:00 +01,BL-80930
rec_031,0938-1233,2025-12-12 18:00:00 +01,BL-80930
rec_031,1062-0700,2025-12-11 10:20:00 +01,BL-80930
rec_031,0766-1263,NA,BL-80930
rec_031,0289-0990,2025-12-12 07:50:00 +01,BL-80930
rec_031,0518-0802,2025-12-11 09:10:00 +01,BL-80930
rec_031,0446-1257,2025-12-11 09:20:00 +01,BL-80930
rec_031,0557-1350,2025-12-10 23:30:00 +01,BL-80930
rec_031,1016-0132,2025-12-11 00:30:00 +01,BL-80930
rec_031,0454-1490,2025-12-11 06:20:00 +01,BL-80930
rec_031,0449-1734,2025-12-11 06:00:00 +01,BL-80930
rec_031,0556-0376,2025-12-12 11:10:00 +01,BL-80930
rec_031,0553-0363,2025-12-11 20:20:00 +01,BL-80930
rec_031,0520-1351,2025-12-11 10:30:00 +01,BL-80930
rec_031,0524-1762,2025-12-11 00:50:00 +01,BL-80930
rec_031,0993-1952,2025-12-11 23:50:00 +01,BL-80930
rec_031,1091-1585,2025-12-11 02:00:00 +01,BL-80930
rec_031,0796-0560,2025-12-11 13:00:00 +01,BL-80930
rec_031,0924-0758,2025-12-13 16:50:00 +01,BL-80930
rec_031,0945-0581,2025-12-13 05:50:00 +01,BL-80930
rec_031,0370-0278,2025-12-11 22:20:00 +01,BL-80930
rec_031,0782-1900,2025-12-12 09:00:00 +01,BL-80930
rec_031,0824-0980,2025-12-11 06:20:00 +01,BL-80930
rec_031,0858-0749,2025-12-11 23:50:00 +01,BL-80930
rec_031,0904-1783,2025-12-11 17:20:00 +01,BL-80930
rec_031,1155-1799,2025-12-11 07:40:00 +01,BL-80930
rec_031,0530-1673,2025-12-12 06:20:00 +01,BL-80930
rec_031,1154-1544,2025-12-11 19:10:00 +01,BL-80930
rec_031,0967-1389,2025-12-13 03:20:00 +01,BL-80930
rec_031,0492-1928,2025-12-11 13:10:00 +01,BL-80930
rec_031,0533-0568,NA,BL-80930
rec_031,1100-1510,2025-12-11 05:40:00 +01,BL-80930
rec_031,0949-0826,2025-12-11 12:10:00 +01,BL-80930
rec_031,0217-0644,2025-12-13 05:50:00 +01,BL-80930
rec_031,0979-0469,2025-12-13 22:30:00 +01,BL-80930
rec_031,0427-0838,2025-12-11 12:40:00 +01,BL-80930
rec_031,0354-1072,2025-12-12 11:50:00 +01,BL-80930
rec_031,0380-1052,2025-12-11 15:10:00 +01,BL-80930
rec_031,0381-1287,2025-12-11 20:50:00 +01,BL-80930
rec_031,0537-0822,2025-12-11 12:40:00 +01,BL-80930
rec_031,1167-0884,2025-12-11 05:50:00 +01,BL-80930
rec_031,0188-0291,2025-12-12 23:40:00 +01,BL-80930
rec_031,1095-0889,2025-12-13 03:20:00 +01,BL-80930
rec_031,0861-0481,2025-12-13 19:00:00 +01,BL-80930
rec_031,0914-0690,2025-12-13 20:20:00 +01,BL-80930
rec_031,0815-0835,2025-12-11 09:30:00 +01,BL-80930
rec_031,0185-0308,2025-12-13 12:40:00 +01,BL-80930
rec_031,0859-0612,2025-12-12 03:20:00 +01,BL-80930
rec_031,0472-0127,2025-12-11 06:20:00 +01,BL-80930
rec_031,0145-1992,2025-12-12 03:10:00 +01,BL-80930
rec_031,0563-0334,2025-12-11 17:20:00 +01,BL-80930
rec_031,1085-0533,2025-12-12 19:00:00 +01,BL-80930
rec_031,0512-2001,2025-12-11 05:40:00 +01,BL-80930
rec_031,0581-1225,2025-12-11 05:10:00 +01,BL-80930
rec_031,0844-0572,2025-12-10 19:40:00 +01,BL-80930
rec_031,0785-1008,2025-12-11 07:10:00 +01,BL-80930
rec_031,1019-0761,2025-12-13 10:20:00 +01,BL-80930
rec_031,0488-1489,2025-12-11 17:20:00 +01,BL-80930
rec_031,1036-1384,2025-12-11 06:50:00 +01,BL-80930
rec_031,0437-1909,2025-12-11 17:20:00 +01,BL-80930
rec_031,1177-0598,NA,BL-80930
rec_031,1083-1234,2025-12-11 05:30:00 +01,BL-80930
rec_031,0494-1426,2025-12-11 08:50:00 +01,BL-80930
rec_031,0216-2060,2025-12-13 02:00:00 +01,BL-80930
rec_031,0951-0551,2025-12-11 11:30:00 +01,BL-80930
rec_031,0353-0138,2025-12-11 08:50:00 +01,BL-80930
rec_031,0924-1876,2025-12-11 21:50:00 +01,BL-80930
rec_031,0411-0255,2025-12-12 12:20:00 +01,BL-80930
rec_031,1074-1099,2025-12-13 20:40:00 +01,BL-80930
rec_031,0209-0863,2025-12-11 18:30:00 +01,BL-80930
rec_031,1004-0511,2025-12-13 05:50:00 +01,BL-80930
rec_031,0495-1738,2025-12-11 05:50:00 +01,BL-80930
rec_031,0311-1070,2025-12-11 18:30:00 +01,BL-80930
rec_031,0274-0731,2025-12-12 10:50:00 +01,BL-80930
rec_031,0930-0931,2025-12-11 23:20:00 +01,BL-80930
rec_031,0299-0931,2025-12-12 00:00:00 +01,BL-80930
rec_031,0920-0518,NA,BL-80930
rec_031,0839-0130,2025-12-11 17:30:00 +01,BL-80930
rec_031,0899-1660,2025-12-12 20:20:00 +01,BL-80930
rec_031,0273-1998,2025-12-11 18:30:00 +01,BL-80930
rec_031,0879-0432,2025-12-13 01:20:00 +01,BL-80930
rec_031,0527-0944,2025-12-12 11:00:00 +01,BL-80930
rec_031,0870-1830,2025-12-12 00:30:00 +01,BL-80930
rec_031,0895-0911,2025-12-11 17:50:00 +01,BL-80930
rec_031,0857-0337,2025-12-11 14:10:00 +01,BL-80930
rec_031,0304-0874,2025-12-12 02:40:00 +01,BL-80930
rec_031,1172-1921,2025-12-11 07:10:00 +01,BL-80930
rec_031,0749-0873,2025-12-11 04:50:00 +01,BL-80930
rec_031,0925-0653,2025-12-11 17:50:00 +01,BL-80930
rec_031,1179-1373,2025-12-11 06:20:00 +01,BL-80930
rec_031,0924-1825,2025-12-12 01:20:00 +01,BL-80930
rec_031,0531-1755,2025-12-12 09:00:00 +01,BL-80930
rec_031,0500-1360,2025-12-11 00:10:00 +01,BL-80930
rec_031,1162-0773,NA,BL-80930
rec_031,0342-0895,2025-12-11 19:30:00 +01,BL-80930
rec_031,0797-0345,2025-12-11 22:40:00 +01,BL-80930
rec_031,0894-1064,2025-12-11 10:00:00 +01,BL-80930
rec_031,1044-1751,2025-12-11 13:40:00 +01,BL-80930
rec_031,0486-1131,2025-12-12 09:40:00 +01,BL-80930
rec_031,1082-1991,2025-12-11 15:00:00 +01,BL-80930
rec_031,0341-0610,2025-12-12 15:40:00 +01,BL-80930
rec_031,1174-0441,2025-12-12 14:30:00 +01,BL-80930
rec_031,0219-0129,2025-12-13 00:10:00 +01,BL-80930
rec_031,0863-1734,NA,BL-80930
rec_031,0981-0167,2025-12-13 00:10:00 +01,BL-80930
rec_031,0359-0295,2025-12-12 20:00:00 +01,BL-80930
rec_031,0892-1716,2025-12-12 13:20:00 +01,BL-80930
rec_031,1104-0564,2025-12-13 03:20:00 +01,BL-80930
rec_031,0887-2046,2025-12-11 17:00:00 +01,BL-80930
rec_031,1178-1361,2025-12-11 11:10:00 +01,BL-80930
rec_031,0489-0521,2025-12-11 03:10:00 +01,BL-80930
rec_031,1034-1752,2025-12-11 11:00:00 +01,BL-80930
rec_031,0986-0411,2025-12-13 07:40:00 +01,BL-80930
rec_031,0558-0590,2025-12-11 23:40:00 +01,BL-80930
rec_031,1037-1726,2025-12-11 12:30:00 +01,BL-80930
rec_031,0930-0229,NA,BL-80930
rec_031,0284-2061,2025-12-13 19:20:00 +01,BL-80930
rec_031,0325-0799,2025-12-12 03:30:00 +01,BL-80930
rec_031,0477-1044,2025-12-11 05:20:00 +01,BL-80930
rec_031,0572-0822,NA,BL-80930
rec_031,1048-1313,2025-12-12 07:00:00 +01,BL-80930
rec_031,0978-0818,NA,BL-80930
rec_031,0187-1029,NA,BL-80930
rec_031,0379-0319,NA,BL-80930
rec_031,0866-0304,NA,BL-80930
rec_031,0512-0440,2025-12-11 07:50:00 +01,BL-80930
rec_031,0227-0966,2025-12-12 16:20:00 +01,BL-80930
rec_031,0464-1437,2025-12-13 02:20:00 +01,BL-80930
rec_031,0902-1753,NA,BL-80930
rec_031,0494-0282,2025-12-11 17:50:00 +01,BL-80930
rec_031,1180-2021,NA,BL-80930
rec_031,1135-1339,2025-12-12 05:00:00 +01,BL-80930
rec_031,1020-2050,2025-12-12 07:30:00 +01,BL-80930
rec_031,1142-1351,2025-12-11 12:50:00 +01,BL-80930
rec_031,0550-0932,2025-12-11 06:40:00 +01,BL-80930
rec_031,0825-0680,2025-12-11 17:40:00 +01,BL-80930
rec_031,0558-2153,2025-12-13 02:00:00 +01,BL-80930
rec_031,1123-0992,2025-12-12 11:50:00 +01,BL-80930
rec_031,0422-1690,NA,BL-80930
rec_031,0989-0548,NA,BL-80930
rec_031,0353-0438,2025-12-12 16:00:00 +01,BL-80930
rec_031,0768-0998,2025-12-13 02:20:00 +01,BL-80930
rec_031,1032-1060,2025-12-12 01:40:00 +01,BL-80930
rec_031,0353-2153,NA,BL-80930
rec_031,0383-1075,2025-12-11 09:10:00 +01,BL-80930
rec_031,0922-1724,2025-12-12 01:20:00 +01,BL-80930
rec_031,1054-2107,2025-12-13 07:40:00 +01,BL-80930
rec_031,0949-0384,2025-12-11 17:30:00 +01,BL-80930
rec_031,1150-0502,2025-12-11 16:10:00 +01,BL-80930
rec_031,0536-0472,2025-12-11 11:40:00 +01,BL-80930
rec_031,0354-0883,NA,BL-80930
rec_031,1038-0353,2025-12-12 15:30:00 +01,BL-80930
rec_031,0982-0695,2025-12-13 05:50:00 +01,BL-80930
rec_031,0510-0471,2025-12-11 03:50:00 +01,BL-80930
rec_031,0739-0910,2025-12-13 00:10:00 +01,BL-80930
rec_031,1039-0613,2025-12-14 06:30:00 +01,BL-80930
rec_031,1042-0206,2025-12-12 20:40:00 +01,BL-80930
rec_031,0489-0642,2025-12-11 08:50:00 +01,BL-80930
rec_031,0491-0438,2025-12-12 09:40:00 +01,BL-80930
rec_031,0387-1318,2025-12-13 05:50:00 +01,BL-80930
rec_031,0486-0773,2025-12-12 13:40:00 +01,BL-80930
rec_031,0546-0396,2025-12-11 16:10:00 +01,BL-80930
rec_031,0506-1517,2025-12-12 03:10:00 +01,BL-80930
rec_031,0972-0291,NA,BL-80930
rec_031,0507-0680,2025-12-12 15:50:00 +01,BL-80930
rec_031,0551-1238,2025-12-11 04:10:00 +01,BL-80930
rec_031,1112-1693,2025-12-13 19:30:00 +01,BL-80930
rec_031,1038-1496,2025-12-12 22:10:00 +01,BL-80930
rec_031,0940-1763,2025-12-12 22:10:00 +01,BL-80930
rec_031,1151-1388,2025-12-11 18:00:00 +01,BL-80930
rec_031,0219-1379,2025-12-12 21:20:00 +01,BL-80930
rec_031,1172-1693,2025-12-11 07:40:00 +01,BL-80930
rec_031,0478-1565,2025-12-13 01:50:00 +01,BL-80930
rec_031,0445-0728,2025-12-11 10:20:00 +01,BL-80930
rec_031,1096-0668,2025-12-12 00:00:00 +01,BL-80930
rec_031,1178-1207,2025-12-11 09:40:00 +01,BL-80930
rec_031,0573-1450,2025-12-11 04:30:00 +01,BL-80930
rec_031,0944-1803,2025-12-11 22:20:00 +01,BL-80930
rec_031,0533-2004,2025-12-11 07:10:00 +01,BL-80930
rec_031,0848-1471,2025-12-12 23:40:00 +01,BL-80930
rec_031,0985-2037,2025-12-11 19:40:00 +01,BL-80930
rec_031,0480-2018,2025-12-11 03:10:00 +01,BL-80930
rec_031,1078-0512,2025-12-13 00:10:00 +01,BL-80930
rec_031,1110-0289,NA,BL-80930
rec_031,0373-0822,2025-12-12 03:00:00 +01,BL-80930
rec_031,1136-0601,2025-12-12 07:40:00 +01,BL-80930
rec_031,1008-0589,NA,BL-80930
rec_031,0467-0981,2025-12-10 17:30:00 +01,BL-80930
rec_031,1044-1867,2025-12-11 16:30:00 +01,BL-80930
rec_031,0519-0937,2025-12-10 21:00:00 +01,BL-80930
rec_031,1172-0987,2025-12-12 11:30:00 +01,BL-80930
rec_031,1133-1070,2025-12-12 15:20:00 +01,BL-80930
rec_031,0752-0516,2025-12-10 17:00:00 +01,BL-80930
rec_031,0492-0997,2025-12-10 23:40:00 +01,BL-80930
rec_031,1037-1624,2025-12-12 18:20:00 +01,BL-80930
rec_031,1097-1111,NA,BL-80930
rec_031,0905-1885,2025-12-12 13:20:00 +01,BL-80930
rec_031,0275-1361,2025-12-12 06:10:00 +01,BL-80930
rec_031,0426-1094,2025-12-11 09:00:00 +01,BL-80930
rec_031,0531-0751,2025-12-11 15:00:00 +01,BL-80930
rec_031,0523-1382,2025-12-11 05:50:00 +01,BL-80930
rec_031,1074-1815,2025-12-11 08:00:00 +01,BL-80930
rec_031,0425-1252,2025-12-11 13:00:00 +01,BL-80930
rec_031,0822-1042,2025-12-11 06:20:00 +01,BL-80930
rec_031,0317-0120,2025-12-12 08:30:00 +01,BL-80930
rec_031,1134-1817,2025-12-11 01:30:00 +01,BL-80930
rec_031,0242-1062,2025-12-12 07:20:00 +01,BL-80930
rec_031,0958-0949,2025-12-11 19:40:00 +01,BL-80930
rec_031,0444-1276,2025-12-11 10:10:00 +01,BL-80930
rec_031,1092-1299,NA,BL-80930
rec_031,0904-0815,2025-12-12 01:50:00 +01,BL-80930
rec_031,1178-0715,2025-12-12 10:50:00 +01,BL-80930
rec_031,0770-0275,2025-12-11 11:00:00 +01,BL-80930
rec_031,1120-0895,NA,BL-80930
rec_031,1026-1878,2025-12-11 12:20:00 +01,BL-80930
rec_031,0491-1974,2025-12-11 13:40:00 +01,BL-80930
rec_031,1065-1248,2025-12-12 15:50:00 +01,BL-80930
rec_031,1123-0254,2025-12-13 04:40:00 +01,BL-80930
rec_031,0884-0541,2025-12-12 01:50:00 +01,BL-80930
rec_031,0385-1008,2025-12-12 15:50:00 +01,BL-80930
rec_031,0988-1987,2025-12-11 22:40:00 +01,BL-80930
rec_031,0348-1201,2025-12-11 14:30:00 +01,BL-80930
rec_031,0284-0882,2025-12-11 18:10:00 +01,BL-80930
rec_031,1166-1125,2025-12-12 18:20:00 +01,BL-80930
rec_031,1081-1400,2025-12-11 02:10:00 +01,BL-80930
rec_031,0566-0310,2025-12-13 02:20:00 +01,BL-80930
rec_031,1086-0779,2025-12-11 15:50:00 +01,BL-80930
rec_031,1098-1224,NA,BL-80930
rec_031,0490-0902,2025-12-11 09:40:00 +01,BL-80930
rec_031,1141-0802,2025-12-13 02:00:00 +01,BL-80930
rec_031,0778-0929,2025-12-11 12:40:00 +01,BL-80930
rec_031,0898-0502,2025-12-11 11:00:00 +01,BL-80930
rec_031,1162-1422,2025-12-11 09:40:00 +01,BL-80930
rec_031,0791-0777,2025-12-11 15:10:00 +01,BL-80930
rec_031,1085-1798,2025-12-11 11:40:00 +01,BL-80930
rec_031,1167-0615,2025-12-12 10:00:00 +01,BL-80930
rec_031,1139-1939,2025-12-11 08:30:00 +01,BL-80930
rec_031,0478-1092,2025-12-12 00:20:00 +01,BL-80930
rec_031,0987-1055,2025-12-11 22:10:00 +01,BL-80930
rec_031,0410-0909,2025-12-11 08:40:00 +01,BL-80930
rec_031,0489-1710,2025-12-11 03:20:00 +01,BL-80930
rec_031,1096-1695,2025-12-11 13:00:00 +01,BL-80930
rec_031,1055-1080,2025-12-10 15:30:00 +01,BL-80930
rec_031,0287-1312,2025-12-11 06:00:00 +01,BL-80930
rec_031,1037-0828,2025-12-11 16:50:00 +01,BL-80930
rec_031,0918-1433,2025-12-11 21:40:00 +01,BL-80930
rec_031,1051-0784,2025-12-13 05:50:00 +01,BL-80930
rec_031,0289-0869,2025-12-12 03:30:00 +01,BL-80930
rec_031,0491-0315,2025-12-12 07:50:00 +01,BL-80930
rec_031,1092-0152,2025-12-11 15:10:00 +01,BL-80930
rec_031,0381-2031,2025-12-13 19:30:00 +01,BL-80930
rec_031,0876-1258,NA,BL-80930
rec_031,0971-1918,2025-12-11 15:40:00 +01,BL-80930
rec_031,0838-0769,2025-12-12 00:30:00 +01,BL-80930
rec_031,1056-1986,2025-12-11 21:00:00 +01,BL-80930
rec_031,0316-2056,2025-12-13 02:20:00 +01,BL-80930
rec_031,0766-0818,2025-12-11 10:40:00 +01,BL-80930
rec_031,0434-1242,2025-12-11 15:40:00 +01,BL-80930
rec_031,0884-1895,2025-12-12 18:20:00 +01,BL-80930
rec_031,0547-1831,2025-12-11 06:40:00 +01,BL-80930
rec_031,0889-0602,2025-12-13 10:00:00 +01,BL-80930
rec_031,0766-1476,2025-12-13 05:50:00 +01,BL-80930
rec_031,1100-0445,NA,BL-80930
rec_031,1108-1766,2025-12-11 12:40:00 +01,BL-80930
rec_031,1101-2043,2025-12-11 03:30:00 +01,BL-80930
rec_031,0974-0863,2025-12-13 20:40:00 +01,BL-80930
rec_031,0694-0899,2025-12-13 00:10:00 +01,BL-80930
rec_031,0818-1010,2025-12-11 12:10:00 +01,BL-80930
rec_031,0527-0781,2025-12-11 04:50:00 +01,BL-80930
rec_031,0883-2157,NA,BL-80930
rec_031,0343-1961,NA,BL-80930
rec_031,0498-1799,2025-12-11 03:40:00 +01,BL-80930
rec_031,0848-0827,2025-12-13 02:20:00 +01,BL-80930
rec_031,1141-0675,2025-12-12 19:20:00 +01,BL-80930
rec_031,0271-1869,2025-12-13 11:30:00 +01,BL-80930
rec_031,0805-2061,2025-12-12 04:10:00 +01,BL-80930
rec_031,0247-0724,2025-12-12 10:30:00 +01,BL-80930
rec_031,1084-1874,2025-12-11 04:50:00 +01,BL-80930
rec_031,0546-1802,2025-12-11 04:10:00 +01,BL-80930
rec_031,0419-0369,NA,BL-80930
rec_031,0993-0494,NA,BL-80930
rec_031,0282-1000,2025-12-11 20:40:00 +01,BL-80930
rec_031,0758-0862,2025-12-11 06:50:00 +01,BL-80930
rec_031,0551-1989,2025-12-11 07:40:00 +01,BL-80930
rec_031,0278-0803,2025-12-12 08:40:00 +01,BL-80930
rec_031,1016-0373,2025-12-12 21:30:00 +01,BL-80930
rec_031,0423-1223,2025-12-11 14:20:00 +01,BL-80930
rec_031,0970-1057,2025-12-11 09:30:00 +01,BL-80930
rec_031,0846-0936,2025-12-13 02:20:00 +01,BL-80930
rec_031,0887-1002,NA,BL-80930
rec_031,1077-0631,NA,BL-80930
rec_031,0272-1018,2025-12-11 10:10:00 +01,BL-80930
rec_031,0347-1312,2025-12-12 04:30:00 +01,BL-80930
rec_031,0995-0766,2025-12-11 08:00:00 +01,BL-80930
rec_031,1022-1791,2025-12-11 22:50:00 +01,BL-80930
rec_031,0920-0902,NA,BL-80930
rec_031,0402-0855,2025-12-11 22:20:00 +01,BL-80930
rec_031,0452-1379,2025-12-11 05:10:00 +01,BL-80930
rec_031,1174-1294,2025-12-11 15:40:00 +01,BL-80930
rec_031,1131-0869,2025-12-10 19:40:00 +01,BL-80930
rec_031,1021-0619,2025-12-11 13:50:00 +01,BL-80930
rec_031,0931-0390,2025-12-12 08:30:00 +01,BL-80930
rec_031,0989-0567,2025-12-12 04:50:00 +01,BL-80930
rec_031,0342-0983,2025-12-11 14:40:00 +01,BL-80930
rec_031,1158-0990,NA,BL-80930
rec_031,0283-1629,2025-12-11 02:20:00 +01,BL-80930
rec_031,1049-0491,NA,BL-80930
rec_031,0843-1922,2025-12-11 11:30:00 +01,BL-80930
rec_031,0391-0776,2025-12-12 04:30:00 +01,BL-80930
rec_031,1101-1664,2025-12-11 09:00:00 +01,BL-80930
rec_031,0523-1475,2025-12-11 07:30:00 +01,BL-80930
rec_031,1045-0414,2025-12-13 01:20:00 +01,BL-80930
rec_031,0860-1039,2025-12-11 13:50:00 +01,BL-80930
rec_031,1127-1491,2025-12-11 11:00:00 +01,BL-80930
rec_031,0462-1638,2025-12-11 05:10:00 +01,BL-80930
rec_031,0344-0929,2025-12-11 15:30:00 +01,BL-80930
rec_031,0811-0610,2025-12-11 16:00:00 +01,BL-80930
rec_031,1079-1226,NA,BL-80930
rec_031,0343-0541,2025-12-12 15:50:00 +01,BL-80930
rec_031,0487-1616,2025-12-12 13:40:00 +01,BL-80930
rec_031,0283-0823,2025-12-12 11:50:00 +01,BL-80930
rec_031,0957-1875,2025-12-11 13:50:00 +01,BL-80930
rec_031,0421-0800,2025-12-12 12:20:00 +01,BL-80930
rec_031,0992-1474,2025-12-12 23:20:00 +01,BL-80930
rec_031,1151-0260,NA,BL-80930
rec_031,0466-1449,2025-12-12 03:30:00 +01,BL-80930
rec_031,1094-2178,2025-12-11 18:50:00 +01,BL-80930
rec_031,0236-1016,2025-12-11 19:00:00 +01,BL-80930
rec_031,0715-0925,2025-12-11 16:40:00 +01,BL-80930
rec_031,0870-0909,2025-12-11 13:20:00 +01,BL-80930
rec_031,1107-2008,2025-12-12 09:50:00 +01,BL-80930
rec_031,0430-1005,2025-12-11 04:00:00 +01,BL-80930
rec_031,1110-0355,2025-12-12 06:40:00 +01,BL-80930
rec_031,0954-0742,2025-12-12 00:50:00 +01,BL-80930
rec_031,0801-0257,2025-12-12 06:40:00 +01,BL-80930
rec_031,0426-2073,2025-12-11 06:20:00 +01,BL-80930
rec_031,1016-0309,NA,BL-80930
rec_031,0978-2009,2025-12-12 07:10:00 +01,BL-80930
rec_031,0448-1267,2025-12-11 08:10:00 +01,BL-80930
rec_031,0395-0764,2025-12-12 07:30:00 +01,BL-80930
rec_031,1194-1232,2025-12-11 05:50:00 +01,BL-80930
rec_031,1021-0543,2025-12-13 19:00:00 +01,BL-80930
rec_031,0935-0414,2025-12-11 20:20:00 +01,BL-80930
rec_031,0466-0803,2025-12-11 20:20:00 +01,BL-80930
rec_031,1072-0282,2025-12-12 13:10:00 +01,BL-80930
rec_031,0473-1791,NA,BL-80930
rec_031,0554-1061,2025-12-11 19:40:00 +01,BL-80930
rec_031,0996-0695,2025-12-13 18:00:00 +01,BL-80930
rec_031,0544-0437,2025-12-12 08:50:00 +01,BL-80930
rec_031,0513-1548,2025-12-11 03:10:00 +01,BL-80930
rec_031,0549-1866,2025-12-11 04:50:00 +01,BL-80930
rec_031,0995-0911,NA,BL-80930
rec_031,1088-0316,NA,BL-80930
rec_031,0869-0383,NA,BL-80930
rec_031,0962-0684,NA,BL-80930
rec_031,1113-1029,2025-12-13 03:20:00 +01,BL-80930
rec_031,0899-1018,2025-12-11 13:00:00 +01,BL-80930
rec_031,0249-1098,2025-12-12 02:00:00 +01,BL-80930
rec_031,0988-1481,2025-12-11 12:00:00 +01,BL-80930
rec_031,0264-1315,2025-12-12 05:20:00 +01,BL-80930
rec_031,0225-1050,2025-12-13 05:20:00 +01,BL-80930
rec_031,0910-0945,2025-12-11 10:20:00 +01,BL-80930
rec_031,1134-0383,2025-12-12 15:50:00 +01,BL-80930
rec_031,0436-0473,2025-12-12 13:30:00 +01,BL-80930
rec_031,0464-0697,2025-12-11 11:50:00 +01,BL-80930
rec_031,0472-1395,2025-12-11 18:50:00 +01,BL-80930
rec_031,0711-0974,2025-12-11 04:00:00 +01,BL-80930
rec_031,1139-1000,2025-12-13 03:20:00 +01,BL-80930
rec_031,0367-0972,2025-12-12 21:20:00 +01,BL-80930
rec_031,0937-0241,2025-12-11 12:30:00 +01,BL-80930
rec_031,1123-0976,2025-12-13 14:00:00 +01,BL-80930
rec_031,0161-0352,2025-12-12 23:20:00 +01,BL-80930
rec_031,0174-0344,NA,BL-80930
rec_031,0510-0333,2025-12-11 14:30:00 +01,BL-80930
rec_031,0516-0339,2025-12-11 12:10:00 +01,BL-80930
rec_031,0535-0334,2025-12-11 18:20:00 +01,BL-80930
rec_031,0540-0331,2025-12-11 21:20:00 +01,BL-80930
rec_031,0522-0315,2025-12-11 23:20:00 +01,BL-80930
rec_031,0551-0432,2025-12-11 00:30:00 +01,BL-80930
rec_031,0546-0245,2025-12-11 14:30:00 +01,BL-80930
rec_031,0557-0254,2025-12-11 04:00:00 +01,BL-80930
rec_031,0507-0203,2025-12-11 06:10:00 +01,BL-80930
rec_031,0506-0197,2025-12-10 23:00:00 +01,BL-80930
rec_031,0484-0177,2025-12-11 15:50:00 +01,BL-80930
rec_031,0483-0168,2025-12-11 04:40:00 +01,BL-80930
rec_031,0477-0143,2025-12-11 22:10:00 +01,BL-80930
rec_031,0466-0138,2025-12-11 05:20:00 +01,BL-80930
rec_031,0523-0228,2025-12-11 15:10:00 +01,BL-80930
rec_031,0527-0225,2025-12-11 07:00:00 +01,BL-80930
rec_031,0558-0168,2025-12-11 11:50:00 +01,BL-80930
rec_031,0562-0161,2025-12-11 06:40:00 +01,BL-80930
rec_031,0562-0154,2025-12-11 06:20:00 +01,BL-80930
rec_031,0546-0192,2025-12-13 01:20:00 +01,BL-80930
rec_031,0537-0184,2025-12-12 01:30:00 +01,BL-80930
rec_031,0551-0187,2025-12-12 09:00:00 +01,BL-80930
rec_031,0243-0846,2025-12-13 02:10:00 +01,BL-80930
rec_031,0243-0838,2025-12-12 16:40:00 +01,BL-80930
rec_031,0243-0818,2025-12-10 17:00:00 +01,BL-80930
rec_031,0314-0827,2025-12-12 19:10:00 +01,BL-80930
rec_031,0311-0803,2025-12-13 00:10:00 +01,BL-80930
rec_031,0342-0847,2025-12-11 13:00:00 +01,BL-80930
rec_031,0368-0672,2025-12-11 09:10:00 +01,BL-80930
rec_031,0364-0667,2025-12-11 23:30:00 +01,BL-80930
rec_031,0342-0665,2025-12-12 20:20:00 +01,BL-80930
rec_031,0340-0620,2025-12-12 17:00:00 +01,BL-80930
rec_031,0273-0706,NA,BL-80930
rec_031,0387-0816,2025-12-12 19:00:00 +01,BL-80930
rec_031,0347-1009,2025-12-11 21:30:00 +01,BL-80930
rec_031,0343-1003,2025-12-11 13:10:00 +01,BL-80930
rec_031,0335-1040,2025-12-11 07:30:00 +01,BL-80930
rec_031,0346-1050,2025-12-12 00:40:00 +01,BL-80930
rec_031,0295-1034,2025-12-11 12:50:00 +01,BL-80930
rec_031,0283-1039,2025-12-12 06:50:00 +01,BL-80930
rec_031,0279-1047,2025-12-11 14:30:00 +01,BL-80930
rec_031,0260-1035,2025-12-12 04:10:00 +01,BL-80930
rec_031,0362-0911,2025-12-12 08:10:00 +01,BL-80930
rec_031,0333-0953,2025-12-11 20:40:00 +01,BL-80930
rec_031,0449-1001,2025-12-11 05:00:00 +01,BL-80930
rec_031,0480-1056,2025-12-11 08:40:00 +01,BL-80930
rec_031,0463-1067,2025-12-11 05:40:00 +01,BL-80930
rec_031,0458-1101,2025-12-11 22:20:00 +01,BL-80930
rec_031,0485-1089,2025-12-12 00:40:00 +01,BL-80930
rec_031,0532-1013,2025-12-11 06:40:00 +01,BL-80930
rec_031,0530-1006,2025-12-11 10:40:00 +01,BL-80930
rec_031,0519-0997,2025-12-11 06:20:00 +01,BL-80930
rec_031,0531-0735,2025-12-11 04:00:00 +01,BL-80930
rec_031,0536-0728,2025-12-12 05:30:00 +01,BL-80930
rec_031,0496-0794,2025-12-11 11:40:00 +01,BL-80930
rec_031,0488-0831,2025-12-12 06:20:00 +01,BL-80930
rec_031,0457-0841,2025-12-11 04:20:00 +01,BL-80930
rec_031,0437-0875,2025-12-12 06:20:00 +01,BL-80930
rec_031,0459-0884,NA,BL-80930
rec_031,0500-0888,2025-12-11 07:30:00 +01,BL-80930
rec_031,0436-0778,2025-12-11 22:40:00 +01,BL-80930
rec_031,0276-1289,2025-12-11 20:30:00 +01,BL-80930
rec_031,0261-1290,2025-12-13 04:30:00 +01,BL-80930
rec_031,0193-1415,2025-12-11 06:10:00 +01,BL-80930
rec_031,0330-1369,NA,BL-80930
rec_031,0334-1378,NA,BL-80930
rec_031,0369-1395,2025-12-11 13:10:00 +01,BL-80930
rec_031,0376-1441,2025-12-13 02:20:00 +01,BL-80930
rec_031,0374-1480,2025-12-12 23:20:00 +01,BL-80930
rec_031,0371-1487,2025-12-12 06:00:00 +01,BL-80930
rec_031,0413-1495,2025-12-13 07:40:00 +01,BL-80930
rec_031,0421-1492,2025-12-12 11:50:00 +01,BL-80930
rec_031,0431-1364,2025-12-11 07:50:00 +01,BL-80930
rec_031,0438-1377,2025-12-11 23:30:00 +01,BL-80930
rec_031,0481-1555,2025-12-13 03:20:00 +01,BL-80930
rec_031,0483-1547,NA,BL-80930
rec_031,0512-1560,2025-12-12 07:30:00 +01,BL-80930
rec_031,0522-1540,2025-12-11 09:00:00 +01,BL-80930
rec_031,0518-1533,2025-12-11 03:30:00 +01,BL-80930
rec_031,0507-1568,2025-12-11 02:10:00 +01,BL-80930
rec_031,0508-1576,2025-12-11 03:10:00 +01,BL-80930
rec_031,0512-1583,2025-12-12 06:30:00 +01,BL-80930
rec_031,0514-1591,2025-12-11 14:20:00 +01,BL-80930
rec_031,0522-1604,2025-12-11 20:10:00 +01,BL-80930
rec_031,0492-1663,2025-12-11 04:50:00 +01,BL-80930
rec_031,0498-1658,2025-12-11 15:20:00 +01,BL-80930
rec_031,0539-1786,2025-12-11 07:50:00 +01,BL-80930
rec_031,0537-1779,2025-12-11 11:50:00 +01,BL-80930
rec_031,0503-1719,2025-12-11 16:50:00 +01,BL-80930
rec_031,0508-1727,2025-12-11 10:30:00 +01,BL-80930
rec_031,0509-1735,2025-12-12 00:30:00 +01,BL-80930
rec_031,0531-1733,2025-12-11 10:20:00 +01,BL-80930
rec_031,0530-1721,2025-12-12 04:10:00 +01,BL-80930
rec_031,0545-1720,2025-12-13 20:40:00 +01,BL-80930
rec_031,0552-1718,2025-12-11 07:30:00 +01,BL-80930
rec_031,0489-1869,2025-12-11 19:00:00 +01,BL-80930
rec_031,0495-1863,2025-12-12 10:30:00 +01,BL-80930
rec_031,0479-1904,2025-12-11 16:20:00 +01,BL-80930
rec_031,0511-1842,2025-12-11 09:30:00 +01,BL-80930
rec_031,0479-1789,2025-12-11 04:10:00 +01,BL-80930
rec_031,0372-2130,2025-12-11 19:10:00 +01,BL-80930
rec_031,0371-2123,2025-12-11 09:20:00 +01,BL-80930
rec_031,0376-2172,2025-12-11 17:20:00 +01,BL-80930
rec_031,0383-2178,2025-12-11 14:00:00 +01,BL-80930
rec_031,0327-2012,2025-12-11 13:50:00 +01,BL-80930
rec_031,0338-2009,2025-12-12 10:30:00 +01,BL-80930
rec_031,0550-2000,2025-12-13 19:30:00 +01,BL-80930
rec_031,0489-1951,2025-12-11 02:00:00 +01,BL-80930
rec_031,0941-1791,2025-12-13 07:40:00 +01,BL-80930
rec_031,0949-1790,2025-12-12 10:10:00 +01,BL-80930
rec_031,0946-1816,NA,BL-80930
rec_031,0939-1823,2025-12-13 02:20:00 +01,BL-80930
rec_031,0953-1836,2025-12-10 18:30:00 +01,BL-80930
rec_031,0963-1808,2025-12-12 03:30:00 +01,BL-80930
rec_031,0968-1795,2025-12-11 03:10:00 +01,BL-80930
rec_031,0992-1780,2025-12-13 01:20:00 +01,BL-80930
rec_031,0988-1772,NA,BL-80930
rec_031,0987-1800,2025-12-11 19:30:00 +01,BL-80930
rec_031,0992-1830,2025-12-11 13:30:00 +01,BL-80930
rec_031,1005-1796,2025-12-11 12:50:00 +01,BL-80930
rec_031,1009-1773,2025-12-11 22:00:00 +01,BL-80930
rec_031,1013-1768,2025-12-12 10:40:00 +01,BL-80930
rec_031,1001-1759,2025-12-12 02:20:00 +01,BL-80930
rec_031,1042-1820,2025-12-11 19:30:00 +01,BL-80930
rec_031,1039-1811,NA,BL-80930
rec_031,1058-1819,2025-12-12 08:40:00 +01,BL-80930
rec_031,1107-1791,2025-12-11 13:50:00 +01,BL-80930
rec_031,1111-1787,2025-12-11 11:00:00 +01,BL-80930
rec_031,1106-1840,2025-12-11 15:00:00 +01,BL-80930
rec_031,1090-1865,2025-12-11 14:10:00 +01,BL-80930
rec_031,1137-1905,2025-12-11 04:20:00 +01,BL-80930
rec_031,1153-1971,2025-12-11 12:50:00 +01,BL-80930
rec_031,1162-2029,NA,BL-80930
rec_031,1142-2037,2025-12-12 03:00:00 +01,BL-80930
rec_031,1134-2038,2025-12-11 09:00:00 +01,BL-80930
rec_031,1163-2111,2025-12-11 16:20:00 +01,BL-80930
rec_031,1158-2108,2025-12-11 03:00:00 +01,BL-80930
rec_031,1094-2082,2025-12-12 03:40:00 +01,BL-80930
rec_031,1118-2144,2025-12-11 07:50:00 +01,BL-80930
rec_031,1128-2150,NA,BL-80930
rec_031,1121-2157,2025-12-11 11:10:00 +01,BL-80930
rec_031,1019-2171,2025-12-12 10:20:00 +01,BL-80930
rec_031,1019-2162,2025-12-11 17:50:00 +01,BL-80930
rec_031,1048-2113,2025-12-11 17:30:00 +01,BL-80930
rec_031,0984-2078,2025-12-12 00:40:00 +01,BL-80930
rec_031,1047-2012,2025-12-11 12:40:00 +01,BL-80930
rec_031,1048-2004,2025-12-11 14:30:00 +01,BL-80930
rec_031,1064-1984,2025-12-11 20:40:00 +01,BL-80930
rec_031,1058-1974,2025-12-11 14:20:00 +01,BL-80930
rec_031,1063-1968,2025-12-12 00:40:00 +01,BL-80930
rec_031,1053-1962,NA,BL-80930
rec_031,1080-2016,2025-12-11 05:40:00 +01,BL-80930
rec_031,1046-2039,2025-12-12 13:10:00 +01,BL-80930
rec_031,1139-2056,2025-12-11 05:30:00 +01,BL-80930
rec_031,1135-2053,2025-12-11 03:50:00 +01,BL-80930
rec_031,0901-2017,2025-12-12 03:30:00 +01,BL-80930
rec_031,0905-2010,2025-12-12 16:10:00 +01,BL-80930
rec_031,0791-1984,2025-12-13 20:40:00 +01,BL-80930
rec_031,1057-1899,2025-12-11 18:20:00 +01,BL-80930
rec_031,1048-1891,2025-12-11 23:20:00 +01,BL-80930
rec_031,1108-1623,2025-12-12 12:20:00 +01,BL-80930
rec_031,1123-1621,2025-12-11 04:00:00 +01,BL-80930
rec_031,1119-1614,2025-12-11 07:00:00 +01,BL-80930
rec_031,1129-1606,2025-12-12 13:40:00 +01,BL-80930
rec_031,1116-1602,2025-12-11 04:10:00 +01,BL-80930
rec_031,1113-1648,2025-12-11 16:10:00 +01,BL-80930
rec_031,1145-1658,2025-12-11 19:10:00 +01,BL-80930
rec_031,1151-1664,2025-12-11 11:20:00 +01,BL-80930
rec_031,1164-1695,2025-12-11 06:30:00 +01,BL-80930
rec_031,1140-1700,2025-12-11 07:40:00 +01,BL-80930
rec_031,1126-1677,2025-12-12 06:10:00 +01,BL-80930
rec_031,1159-1783,NA,BL-80930
rec_031,1126-1729,2025-12-12 13:20:00 +01,BL-80930
rec_031,0960-1776,NA,BL-80930
rec_031,0960-1858,2025-12-12 05:20:00 +01,BL-80930
rec_031,0913-1884,2025-12-12 07:20:00 +01,BL-80930
rec_031,0770-1756,2025-12-13 17:20:00 +01,BL-80930
rec_031,0792-1642,2025-12-13 03:20:00 +01,BL-80930
rec_031,1158-1089,2025-12-11 05:30:00 +01,BL-80930
rec_031,1157-1080,2025-12-11 17:20:00 +01,BL-80930
rec_031,1149-1069,2025-12-13 20:40:00 +01,BL-80930
rec_031,1110-1089,2025-12-11 09:20:00 +01,BL-80930
rec_031,1115-1086,2025-12-12 11:50:00 +01,BL-80930
rec_031,1119-1080,2025-12-13 09:40:00 +01,BL-80930
rec_031,1091-1094,2025-12-12 10:50:00 +01,BL-80930
rec_031,1158-0700,2025-12-12 06:50:00 +01,BL-80930
rec_031,1164-0696,2025-12-11 19:30:00 +01,BL-80930
rec_031,1134-0689,2025-12-12 00:20:00 +01,BL-80930
rec_031,1125-0642,2025-12-11 23:50:00 +01,BL-80930
rec_031,1131-0636,NA,BL-80930
rec_031,1100-0650,NA,BL-80930
rec_031,1050-0674,2025-12-13 03:20:00 +01,BL-80930
rec_031,1020-0732,NA,BL-80930
rec_031,1013-0825,2025-12-13 14:50:00 +01,BL-80930
rec_031,1035-0793,NA,BL-80930
rec_031,0920-0982,2025-12-11 18:30:00 +01,BL-80930
rec_031,0928-1006,2025-12-12 01:50:00 +01,BL-80930
rec_031,0961-1016,2025-12-13 05:50:00 +01,BL-80930
rec_031,0872-0942,2025-12-11 12:40:00 +01,BL-80930
rec_031,0872-0966,2025-12-11 09:50:00 +01,BL-80930
rec_031,0878-0954,2025-12-11 13:30:00 +01,BL-80930
rec_031,0896-0970,2025-12-12 00:10:00 +01,BL-80930
rec_031,0851-0995,2025-12-11 11:30:00 +01,BL-80930
rec_031,0872-1001,2025-12-11 11:20:00 +01,BL-80930
rec_031,0752-0906,2025-12-11 05:50:00 +01,BL-80930
rec_031,0739-0970,2025-12-11 17:10:00 +01,BL-80930
rec_031,0830-0636,2025-12-11 21:30:00 +01,BL-80930
rec_031,0941-0817,2025-12-13 11:40:00 +01,BL-80930
rec_031,0932-0845,2025-12-12 08:50:00 +01,BL-80930
rec_031,0912-0890,2025-12-12 06:20:00 +01,BL-80930
rec_031,0879-0881,2025-12-12 11:30:00 +01,BL-80930
rec_031,0885-0926,2025-12-11 12:10:00 +01,BL-80930
rec_031,0893-0932,2025-12-12 07:10:00 +01,BL-80930
rec_031,0875-0824,NA,BL-80930
rec_031,0908-0672,2025-12-13 18:00:00 +01,BL-80930
rec_031,0896-0660,NA,BL-80930
rec_031,0914-0618,2025-12-13 09:10:00 +01,BL-80930
rec_031,0894-0728,2025-12-11 16:30:00 +01,BL-80930
rec_031,0886-0714,2025-12-11 22:30:00 +01,BL-80930
rec_031,0847-0675,2025-12-11 11:00:00 +01,BL-80930
rec_031,0906-0542,NA,BL-80930
rec_031,0934-0512,NA,BL-80930
rec_031,0913-0598,NA,BL-80930
rec_031,0796-0756,2025-12-11 19:40:00 +01,BL-80930
rec_031,0802-0761,2025-12-11 06:50:00 +01,BL-80930
rec_031,0797-0867,2025-12-11 10:50:00 +01,BL-80930
rec_031,0760-0856,2025-12-11 12:30:00 +01,BL-80930
rec_031,0793-0925,2025-12-13 02:20:00 +01,BL-80930
rec_031,1132-1214,2025-12-11 17:20:00 +01,BL-80930
rec_031,1136-1205,2025-12-11 04:20:00 +01,BL-80930
rec_031,1096-1212,2025-12-12 04:40:00 +01,BL-80930
rec_031,1093-1200,2025-12-11 06:00:00 +01,BL-80930
rec_031,0980-1578,2025-12-12 20:00:00 +01,BL-80930
rec_031,1007-1435,2025-12-11 09:20:00 +01,BL-80930
rec_031,1101-1446,2025-12-12 11:20:00 +01,BL-80930
rec_031,1072-1406,2025-12-12 14:00:00 +01,BL-80930
rec_031,1103-1372,NA,BL-80930
rec_031,1172-1281,2025-12-11 10:10:00 +01,BL-80930
rec_031,1178-1278,2025-12-11 06:30:00 +01,BL-80930
rec_031,1182-1271,2025-12-11 01:40:00 +01,BL-80930
rec_031,0113-1607,2025-12-13 20:40:00 +01,BL-80930
