"","rec","plate_well","id","ecl_time"
"1","rec_060","1_A1","0278-1026",2026-03-25 12:30:00
"2","rec_060","1_A10","0115-0347",2026-03-25 07:10:00
"3","rec_060","1_A11","0081-0272",2026-03-25 16:30:00
"4","rec_060","1_A12","0205-1202",2026-03-25 11:50:00
"5","rec_060","1_A2","0259-0949",2026-03-25 10:50:00
"6","rec_060","1_A3","0235-0864",2026-03-25 11:40:00
"7","rec_060","1_A4","0221-0792",2026-03-26 05:10:00
"8","rec_060","1_A5","0198-0699",NA
"9","rec_060","1_A6","0187-0638",2026-03-25 13:30:00
"10","rec_060","1_A7","0163-0551",2026-03-25 10:00:00
"11","rec_060","1_A8","0150-0491",2026-03-25 13:30:00
"12","rec_060","1_A9","0133-0414",2026-03-25 11:40:00
"13","rec_060","1_B1","0274-1025",2026-03-25 07:40:00
"14","rec_060","1_B10","0344-1288",2026-03-25 11:00:00
"15","rec_060","1_B12","0208-1264",2026-03-25 21:50:00
"16","rec_060","1_B2","0258-0950",2026-03-25 13:00:00
"17","rec_060","1_B3","0236-0869",NA
"18","rec_060","1_B4","0215-0780",2026-03-26 03:20:00
"19","rec_060","1_B5","0203-0710",2026-03-25 07:40:00
"20","rec_060","1_B6","0179-0628",2026-03-26 09:00:00
"21","rec_060","1_B7","0172-0565",2026-03-25 07:30:00
"22","rec_060","1_B8","0151-0492",2026-03-25 08:50:00
"23","rec_060","1_B9","0134-0416",2026-03-25 08:40:00
"24","rec_060","1_C1","0270-1011",2026-03-25 12:40:00
"25","rec_060","1_C10","0113-0345",2026-03-25 15:40:00
"26","rec_060","1_C11","0271-1351",2026-03-25 11:50:00
"27","rec_060","1_C12","0206-1341",2026-03-25 08:40:00
"28","rec_060","1_C2","0251-0935",2026-03-25 07:30:00
"29","rec_060","1_C3","0233-0851",2026-03-25 11:00:00
"30","rec_060","1_C4","0219-0786",2026-03-25 09:00:00
"31","rec_060","1_C5","0204-0710",2026-03-25 07:30:00
"32","rec_060","1_C6","0181-0624",2026-03-25 14:30:00
"33","rec_060","1_C7","0165-0556",2026-03-25 13:10:00
"34","rec_060","1_C8","0148-0477",2026-03-25 09:20:00
"35","rec_060","1_C9","0135-0416",2026-03-25 16:00:00
"36","rec_060","1_D1","0267-1011",2026-03-25 07:50:00
"37","rec_060","1_D10","0341-1431",NA
"38","rec_060","1_D11","0080-0274",2026-03-25 11:10:00
"39","rec_060","1_D12","0199-1413",2026-03-25 12:40:00
"40","rec_060","1_D2","0253-0935",2026-03-25 06:50:00
"41","rec_060","1_D3","0231-0848",NA
"42","rec_060","1_D4","0214-0773",2026-03-25 17:20:00
"43","rec_060","1_D5","0197-0700",NA
"44","rec_060","1_D6","0183-0631",2026-03-25 14:50:00
"45","rec_060","1_D7","0162-0547",2026-03-25 10:30:00
"46","rec_060","1_D8","0489-1431",NA
"47","rec_060","1_D9","0129-0406",2026-03-25 08:50:00
"48","rec_060","1_E1","0266-1002",2026-03-25 07:30:00
"49","rec_060","1_E10","0106-0335",2026-03-25 08:30:00
"50","rec_060","1_E11","0085-0274",2026-03-25 08:40:00
"51","rec_060","1_E12","0048-0201",2026-03-25 08:40:00
"52","rec_060","1_E2","0249-0928",2026-03-25 12:40:00
"53","rec_060","1_E3","0232-0847",2026-03-25 14:30:00
"54","rec_060","1_E4","0213-0771",2026-03-25 09:00:00
"55","rec_060","1_E5","0196-0700",2026-03-25 16:10:00
"56","rec_060","1_E6","0185-0633",2026-03-25 08:30:00
"57","rec_060","1_E7","0166-0551",2026-03-25 08:10:00
"58","rec_060","1_E9","0123-0395",2026-03-26 04:30:00
"59","rec_060","1_F1","0269-1013",2026-03-25 11:30:00
"60","rec_060","1_F10","0103-0333",2026-03-25 06:40:00
"61","rec_060","1_F11","0077-0267",2026-03-25 08:00:00
"62","rec_060","1_F12","0042-0197",2026-03-25 06:10:00
"63","rec_060","1_F2","0248-0916",2026-03-25 12:10:00
"64","rec_060","1_F3","0229-0836",2026-03-25 09:10:00
"65","rec_060","1_F5","0195-0690",2026-03-25 09:10:00
"66","rec_060","1_F7","0169-0552",NA
"67","rec_060","1_F8","0485-1585",NA
"68","rec_060","1_F9","0128-0400",2026-03-25 06:20:00
"69","rec_060","1_G1","0264-1001",2026-03-25 07:40:00
"70","rec_060","1_G11","0072-0265",2026-03-24 11:50:00
"71","rec_060","1_G12","0049-0201",2026-03-25 14:50:00
"72","rec_060","1_G2","0246-0912",2026-03-25 23:20:00
"73","rec_060","1_G3","0835-1687",2026-03-25 11:50:00
"74","rec_060","1_G4","0211-0757",2026-03-25 17:00:00
"75","rec_060","1_G5","0194-0685",2026-03-25 15:30:00
"76","rec_060","1_G6","0601-1673",2026-03-25 06:30:00
"77","rec_060","1_G7","0161-0542",NA
"78","rec_060","1_G8","0144-0470",2026-03-25 09:30:00
"79","rec_060","1_G9","0126-0401",2026-03-25 10:10:00
"80","rec_060","1_H1","0265-0999",2026-03-25 06:00:00
"81","rec_060","1_H10","0320-1710",2026-03-25 04:10:00
"82","rec_060","1_H11","0259-1707",2026-03-25 11:40:00
"83","rec_060","1_H12","0198-1694",2026-03-25 10:30:00
"84","rec_060","1_H2","0247-0913",2026-03-25 10:10:00
"85","rec_060","1_H3","0228-0830",2026-03-25 07:10:00
"86","rec_060","1_H4","0212-0760",2026-03-26 06:30:00
"87","rec_060","1_H5","0193-0674",2026-03-25 09:20:00
"88","rec_060","1_H7","0159-0534",2026-03-25 10:00:00
"89","rec_060","1_H8","0146-0473",2026-03-25 13:30:00
"90","rec_060","1_H9","0388-1721",2026-03-25 06:00:00
"91","rec_060","2_A1","1045-0485",2026-03-25 14:40:00
"92","rec_060","2_A10","0117-0364",2026-03-25 07:10:00
"93","rec_060","2_A11","0294-0503",2026-03-25 07:00:00
"94","rec_060","2_A12","0060-0227",2026-03-25 11:10:00
"95","rec_060","2_A2","0262-0972",2026-03-25 14:20:00
"96","rec_060","2_A3","0243-0886",2026-03-25 13:20:00
"97","rec_060","2_A4","0225-0813",2026-03-25 06:30:00
"98","rec_060","2_A5","0209-0723",2026-03-25 08:30:00
"99","rec_060","2_A6","0190-0644",2026-03-25 12:50:00
"100","rec_060","2_A7","0173-0572",2026-03-25 08:00:00
"101","rec_060","2_A8","0152-0494",2026-03-25 11:50:00
"102","rec_060","2_A9","0139-0437",2026-03-25 10:50:00
"103","rec_060","2_B1","0282-1030",2026-03-25 10:10:00
"104","rec_060","2_B10","0116-0358",2026-03-25 11:50:00
"105","rec_060","2_B11","0278-0583",2026-03-25 08:30:00
"106","rec_060","2_B12","0055-0220",2026-03-25 09:00:00
"107","rec_060","2_B2","0260-0954",2026-03-25 07:50:00
"108","rec_060","2_B3","0240-0875",NA
"109","rec_060","2_B4","0226-0810",2026-03-25 11:50:00
"110","rec_060","2_B5","0208-0723",2026-03-25 07:50:00
"111","rec_060","2_B6","0191-0645",2026-03-25 13:20:00
"112","rec_060","2_B7","0174-0570",2026-03-26 03:50:00
"113","rec_060","2_B8","0157-0506",2026-03-25 17:50:00
"114","rec_060","2_B9","0138-0432",2026-03-25 13:50:00
"115","rec_060","2_C1","0279-1022",2026-03-25 09:10:00
"116","rec_060","2_C10","0112-0347",2026-03-25 23:20:00
"117","rec_060","2_C11","0088-0287",2026-03-26 00:20:00
"118","rec_060","2_C12","0212-0658",2026-03-25 10:40:00
"119","rec_060","2_C2","0261-0958",2026-03-25 10:20:00
"120","rec_060","2_C3","0244-0882",2026-03-25 12:50:00
"121","rec_060","2_C4","0223-0804",2026-03-25 09:10:00
"122","rec_060","2_C5","0205-0717",2026-03-25 08:50:00
"123","rec_060","2_C6","0184-0635",2026-03-25 12:30:00
"124","rec_060","2_C7","0171-0568",NA
"125","rec_060","2_C8","0154-0495",2026-03-26 04:50:00
"126","rec_060","2_C9","0131-0410",2026-03-25 11:20:00
"127","rec_060","2_D1","0280-1023",2026-03-25 13:50:00
"128","rec_060","2_D10","0109-0341",2026-03-25 07:30:00
"129","rec_060","2_D11","0087-0276",2026-03-25 07:20:00
"130","rec_060","2_D12","0212-0724",2026-03-25 09:00:00
"131","rec_060","2_D2","0256-0946",2026-03-25 07:30:00
"132","rec_060","2_D4","0224-0801",2026-03-25 12:10:00
"133","rec_060","2_D5","0207-0720",2026-03-25 11:40:00
"134","rec_060","2_D6","0188-0642",2026-03-25 05:30:00
"135","rec_060","2_D7","0167-0557",NA
"136","rec_060","2_D8","0155-0500",2026-03-25 11:10:00
"137","rec_060","2_D9","0132-0413",2026-03-26 07:30:00
"138","rec_060","2_E1","0276-1028",2026-03-25 10:00:00
"139","rec_060","2_E10","0114-0347",2026-03-25 07:00:00
"140","rec_060","2_E11","0079-0274",2026-03-25 12:20:00
"141","rec_060","2_E12","0202-0804",2026-03-25 06:20:00
"142","rec_060","2_E2","0255-0942",NA
"143","rec_060","2_E3","0241-0874",2026-03-25 11:00:00
"144","rec_060","2_E4","0222-0794",2026-03-26 05:40:00
"145","rec_060","2_E5","0202-0707",2026-03-25 12:40:00
"146","rec_060","2_E6","0180-0629",2026-03-25 11:10:00
"147","rec_060","2_E7","0568-0803",2026-03-25 17:30:00
"148","rec_060","2_E8","0149-0474",2026-03-25 07:50:00
"149","rec_060","2_E9","0127-0404",2026-03-25 09:50:00
"150","rec_060","2_F1","0272-1014",2026-03-25 15:40:00
"151","rec_060","2_F10","0105-0335",2026-03-25 11:10:00
"152","rec_060","2_F11","0263-0876",2026-03-25 10:10:00
"153","rec_060","2_F12","0201-0886",2026-03-25 08:50:00
"154","rec_060","2_F2","0254-0937",2026-03-25 07:30:00
"155","rec_060","2_F3","0237-0866",2026-03-25 05:50:00
"156","rec_060","2_F4","0217-0778",2026-03-25 15:00:00
"157","rec_060","2_F6","0182-0628",NA
"158","rec_060","2_F7","0164-0552",2026-03-26 06:30:00
"159","rec_060","2_F8","0147-0477",2026-03-25 11:20:00
"160","rec_060","2_F9","0124-0401",2026-03-25 16:10:00
"161","rec_060","2_G1","0273-1020",2026-03-25 08:00:00
"162","rec_060","2_G10","0110-0343",2026-03-25 15:10:00
"163","rec_060","2_G11","0262-0943",NA
"164","rec_060","2_G12","0199-0946",2026-03-25 06:30:00
"165","rec_060","2_G2","0252-0937",2026-03-25 17:00:00
"166","rec_060","2_G3","0234-0858",NA
"167","rec_060","2_G4","0218-0785",2026-03-25 07:40:00
"168","rec_060","2_G5","0200-0702",NA
"169","rec_060","2_G6","0634-0948",2026-03-25 08:50:00
"170","rec_060","2_G7","0168-0553",NA
"171","rec_060","2_G8","0145-0472",2026-03-25 12:10:00
"172","rec_060","2_G9","0130-0412",NA
"173","rec_060","2_H1","0268-1010",NA
"174","rec_060","2_H10","0101-0333",2026-03-25 11:10:00
"175","rec_060","2_H11","0073-0266",2026-03-25 20:40:00
"176","rec_060","2_H12","0195-1015",NA
"177","rec_060","2_H2","0250-0932",2026-03-24 17:50:00
"178","rec_060","2_H3","0238-0864",2026-03-25 07:00:00
"179","rec_060","2_H4","0216-0774",2026-03-25 14:50:00
"180","rec_060","2_H5","0199-0703",2026-03-24 11:10:00
"181","rec_060","2_H6","0178-0615",2026-03-25 07:10:00
"182","rec_060","2_H7","0160-0536",2026-03-25 07:50:00
"183","rec_060","2_H8","0143-0470",2026-03-26 01:40:00
"184","rec_060","2_H9","0125-0400",2026-03-25 15:30:00
"185","rec_061","3_A1","1070-0470",2026-03-25 08:40:00
"186","rec_061","3_A10","0069-0370",2026-03-25 12:30:00
"187","rec_061","3_A11","0056-0313",2026-03-25 17:40:00
"188","rec_061","3_A12","0032-0225",2026-03-26
"189","rec_061","3_A2","0190-0985",2026-03-25 15:40:00
"190","rec_061","3_A3","0173-0915",NA
"191","rec_061","3_A4","0161-0841",2026-03-25 09:50:00
"192","rec_061","3_A5","0143-0758",2026-03-25 15:00:00
"193","rec_061","3_A6","0133-0674",2026-03-25 17:00:00
"194","rec_061","3_A7","0119-0601",2026-03-25 10:00:00
"195","rec_061","3_A8","0101-0526",2026-03-25 10:30:00
"196","rec_061","3_A9","0086-0445",2026-03-25 14:10:00
"197","rec_061","3_B1","0211-1079",2026-03-25 21:30:00
"198","rec_061","3_B10","0070-0369",2026-03-25 07:40:00
"199","rec_061","3_B11","0055-0298",NA
"200","rec_061","3_B12","0029-0225",2026-03-25 14:00:00
"201","rec_061","3_B2","0189-0981",2026-03-25 11:30:00
"202","rec_061","3_B3","0171-0904",NA
"203","rec_061","3_B5","0145-0758",2026-03-25 07:40:00
"204","rec_061","3_B6","0132-0671",2026-03-25 07:50:00
"205","rec_061","3_B7","0120-0606",2026-03-25 13:20:00
"206","rec_061","3_B8","0099-0527",2026-03-25 08:40:00
"207","rec_061","3_B9","0085-0443",2026-03-25 18:00:00
"208","rec_061","3_C1","0207-1073",2026-03-25 09:20:00
"209","rec_061","3_C10","0068-0365",2026-03-25 09:20:00
"210","rec_061","3_C11","0054-0293",2026-03-25 14:20:00
"211","rec_061","3_C12","0041-0237",2026-03-25 11:20:00
"212","rec_061","3_C2","0191-0991",2026-03-25 18:50:00
"213","rec_061","3_C3","0172-0902",2026-03-25 10:50:00
"214","rec_061","3_C4","0160-0820",2026-03-25 09:40:00
"215","rec_061","3_C5","0144-0755",2026-03-25 13:20:00
"216","rec_061","3_C6","0134-0676",2026-03-26 11:20:00
"217","rec_061","3_C7","0117-0591",2026-03-25 06:40:00
"218","rec_061","3_C8","0096-0514",2026-03-25 10:30:00
"219","rec_061","3_D1","0205-1059",NA
"220","rec_061","3_D11","0052-0292",2026-03-25 16:20:00
"221","rec_061","3_D12","0221-0684",NA
"222","rec_061","3_D2","0187-0973",2026-03-26 07:10:00
"223","rec_061","3_D4","0158-0819",2026-03-25 07:50:00
"224","rec_061","3_D5","0745-0684",2026-03-25 22:30:00
"225","rec_061","3_D6","0131-0661",2026-03-25 06:40:00
"226","rec_061","3_D7","0118-0594",2026-03-25 07:10:00
"227","rec_061","3_D8","0100-0525",2026-03-25 12:40:00
"228","rec_061","3_D9","0082-0435",2026-03-25 10:50:00
"229","rec_061","3_E1","0206-1064",2026-03-25 23:00:00
"230","rec_061","3_E10","0065-0362",2026-03-25 07:40:00
"231","rec_061","3_E11","0053-0295",2026-03-26 04:10:00
"232","rec_061","3_E12","0034-0229",NA
"233","rec_061","3_E2","0184-0972",2026-03-26 07:30:00
"234","rec_061","3_E4","0826-0771",2026-03-25 10:40:00
"235","rec_061","3_E7","0115-0589",2026-03-25 13:10:00
"236","rec_061","3_E8","0103-0527",2026-03-25 11:20:00
"237","rec_061","3_F1","0200-1052",2026-03-24 17:30:00
"238","rec_061","3_F11","0048-0282",2026-03-25 15:20:00
"239","rec_061","3_F12","0037-0229",2026-03-25 11:00:00
"240","rec_061","3_F2","0185-0979",2026-03-26 01:00:00
"241","rec_061","3_F3","0169-0893",2026-03-25 08:40:00
"242","rec_061","3_F4","0831-0859",2026-03-25 08:40:00
"243","rec_061","3_F6","0129-0658",2026-03-25 12:50:00
"244","rec_061","3_F7","0114-0589",2026-03-24 18:50:00
"245","rec_061","3_F8","0102-0523",2026-03-25 16:40:00
"246","rec_061","3_F9","0079-0432",2026-03-26 10:00:00
"247","rec_061","3_G1","0199-1052",NA
"248","rec_061","3_G10","0057-0347",NA
"249","rec_061","3_G11","0047-0281",2026-03-25 16:20:00
"250","rec_061","3_G12","0030-0223",2026-03-26 00:30:00
"251","rec_061","3_G2","0182-0968",2026-03-25 12:20:00
"252","rec_061","3_G4","0151-0810",NA
"253","rec_061","3_G7","0109-0583",2026-03-25 06:50:00
"254","rec_061","3_G8","0095-0512",2026-03-26 05:40:00
"255","rec_061","3_G9","0081-0431",2026-03-25 07:40:00
"256","rec_061","3_H1","0202-1046",2026-03-25 08:00:00
"257","rec_061","3_H10","0062-0354",2026-03-25 06:50:00
"258","rec_061","3_H11","0044-0276",2026-03-25 10:10:00
"259","rec_061","3_H12","0031-0222",2026-03-26 05:40:00
"260","rec_061","3_H2","0179-0960",2026-03-26 04:40:00
"261","rec_061","3_H3","0165-0891",2026-03-25 08:30:00
"262","rec_061","3_H4","0154-0810",2026-03-25 09:40:00
"263","rec_061","3_H5","0739-1013",2026-03-25 11:40:00
"264","rec_061","3_H6","0126-0653",2026-03-25 09:30:00
"265","rec_061","3_H7","0106-0575",2026-03-25 11:00:00
"266","rec_061","3_H8","0089-0497",2026-03-26 00:20:00
"267","rec_061","3_H9","0078-0431",2026-03-25 07:20:00
"268","rec_061","4_A1","0203-1052",2026-03-25 09:00:00
"269","rec_061","4_A10","0063-0360",2026-03-25 14:20:00
"270","rec_061","4_A11","0295-1217",2026-03-26 06:30:00
"271","rec_061","4_A12","0033-0221",2026-03-24 13:40:00
"272","rec_061","4_A2","0180-0968",2026-03-25 12:40:00
"273","rec_061","4_A3","0168-0894",NA
"274","rec_061","4_A4","0152-0815",2026-03-26 07:30:00
"275","rec_061","4_A5","0140-0742",2026-03-24 17:30:00
"276","rec_061","4_A6","0127-0653",2026-03-25 09:30:00
"277","rec_061","4_A7","0113-0588",2026-03-26 08:10:00
"278","rec_061","4_A8","0091-0504",2026-03-26 13:50:00
"279","rec_061","4_A9","0077-0430",2026-03-25 02:40:00
"280","rec_061","4_B1","1051-1337",2026-03-26 11:30:00
"281","rec_061","4_B10","0064-0354",2026-03-25 12:20:00
"282","rec_061","4_B11","0050-0282",2026-03-26 23:40:00
"283","rec_061","4_B12","0027-0220",2026-03-25 22:10:00
"284","rec_061","4_B2","0188-0974",2026-03-26 03:40:00
"285","rec_061","4_B3","0167-0891",NA
"286","rec_061","4_B4","0153-0811",2026-03-25 12:30:00
"287","rec_061","4_B5","0138-0729",2026-03-25 10:00:00
"288","rec_061","4_B6","0123-0653",2026-03-25 15:20:00
"289","rec_061","4_B7","0112-0585",2026-03-25 04:10:00
"290","rec_061","4_B8","0097-0515",2026-03-24 15:10:00
"291","rec_061","4_B9","0083-0437",2026-03-26 20:00:00
"292","rec_061","4_C1","0201-1051",2026-03-26 22:40:00
"293","rec_061","4_C10","0067-0366",NA
"294","rec_061","4_C11","0277-1370",2026-03-25 14:10:00
"295","rec_061","4_C12","0028-0218",2026-03-26 09:50:00
"296","rec_061","4_C2","0181-0967",2026-03-25 12:20:00
"297","rec_061","4_C3","0164-0887",2026-03-26 13:10:00
"298","rec_061","4_C4","0149-0805",2026-03-25 07:30:00
"299","rec_061","4_C5","0747-1391",2026-03-25 14:10:00
"300","rec_061","4_C6","0125-0657",2026-03-25 16:50:00
"301","rec_061","4_C7","0108-0581",2026-03-24 15:50:00
"302","rec_061","4_C8","0090-0500",2026-03-24 19:40:00
"303","rec_061","4_C9","0084-0440",2026-03-26 07:30:00
"304","rec_061","4_D1","0197-1037",NA
"305","rec_061","4_D10","0066-0356",2026-03-24 20:00:00
"306","rec_061","4_D11","0042-0273",2026-03-24 17:00:00
"307","rec_061","4_D12","0210-1447",2026-03-26 03:10:00
"308","rec_061","4_D2","0177-0963",2026-03-26 02:40:00
"309","rec_061","4_D3","0163-0884",NA
"310","rec_061","4_D4","0155-0811",2026-03-25 08:50:00
"311","rec_061","4_D5","0137-0725",2026-03-25 09:50:00
"312","rec_061","4_D6","0122-0651",2026-03-25 09:20:00
"313","rec_061","4_D7","0110-0580",2026-03-26 13:20:00
"314","rec_061","4_D8","0087-0498",2026-03-25 15:40:00
"315","rec_061","4_D9","0076-0425",2026-03-26 05:10:00
"316","rec_061","4_E1","0195-1035",2026-03-25 08:00:00
"317","rec_061","4_E10","0061-0350",2026-03-26 11:10:00
"318","rec_061","4_E11","0051-0283",NA
"319","rec_061","4_E12","0212-1527",2026-03-26 10:10:00
"320","rec_061","4_E2","0183-0966",2026-03-25 08:00:00
"321","rec_061","4_E3","0166-0885",2026-03-25 10:10:00
"322","rec_061","4_E4","0150-0801",2026-03-25 15:40:00
"323","rec_061","4_E5","0139-0734",2026-03-25 13:50:00
"324","rec_061","4_E6","0128-0656",2026-03-25 12:20:00
"325","rec_061","4_E7","0111-0579",2026-03-25 12:30:00
"326","rec_061","4_E8","0094-0505",2026-03-26 07:20:00
"327","rec_061","4_E9","0074-0425",2026-03-25 14:10:00
"328","rec_061","4_F1","0196-1042",NA
"329","rec_061","4_F10","0060-0355",2026-03-25 13:40:00
"330","rec_061","4_F11","0049-0283",2026-03-25 13:10:00
"331","rec_061","4_F12","0204-1596",2026-03-25 17:40:00
"332","rec_061","4_F2","0176-0952",2026-03-25 10:50:00
"333","rec_061","4_F4","0156-0810",NA
"334","rec_061","4_F5","0136-0721",2026-03-25 11:10:00
"335","rec_061","4_F6","0650-1618",2026-03-26 08:20:00
"336","rec_061","4_F7","0104-0567",2026-03-25 09:40:00
"337","rec_061","4_F8","0092-0505",2026-03-27 08:00:00
"338","rec_061","4_F9","0073-0418",2026-03-25 00:20:00
"339","rec_061","4_G1","0194-1024",2026-03-26 02:20:00
"340","rec_061","4_G10","0346-1664",NA
"341","rec_061","4_G11","0043-0273",NA
"342","rec_061","4_G12","0203-1671",2026-03-24 16:30:00
"343","rec_061","4_G2","0178-0958",2026-03-25 07:40:00
"344","rec_061","4_G3","0881-1709",2026-03-25 09:40:00
"345","rec_061","4_G4","0147-0803",2026-03-25 04:10:00
"346","rec_061","4_G6","0124-0647",2026-03-25 09:00:00
"347","rec_061","4_G7","0107-0571",2026-03-25 12:50:00
"348","rec_061","4_G8","0093-0505",2026-03-25 20:10:00
"349","rec_061","4_G9","0075-0422",NA
"350","rec_061","4_H1","0193-1022",2026-03-25 14:40:00
"351","rec_061","4_H10","0058-0349",2026-03-24 17:40:00
"352","rec_061","4_H11","0045-0275",NA
"353","rec_061","4_H12","0019-0198",NA
"354","rec_061","4_H2","0175-0947",2026-03-25 08:10:00
"355","rec_061","4_H3","0162-0868",2026-03-25 15:20:00
"356","rec_061","4_H4","0148-0799",2026-03-25 12:00:00
"357","rec_061","4_H5","0135-0720",2026-03-24 16:20:00
"358","rec_061","4_H6","0121-0639",2026-03-25 20:10:00
"359","rec_061","4_H7","0105-0563",2026-03-26 20:50:00
"360","rec_061","4_H8","0088-0495",2026-03-26 07:30:00
"361","rec_061","4_H9","0072-0412",2026-03-25 14:10:00
"362","rec_062","5_A1","0224-1278",2026-03-26 11:50:00
"363","rec_062","5_A1","0961-0464",2026-03-26 11:50:00
"364","rec_062","5_A10","0054-0293",2026-03-25 03:40:00
"365","rec_062","5_A11","0220-0584",2026-03-25 10:00:00
"366","rec_062","5_A12","0153-0584",2026-03-25 21:10:00
"367","rec_062","5_A2","0176-0874",2026-03-26 04:50:00
"368","rec_062","5_A3","0160-0788",NA
"369","rec_062","5_A4","0145-0714",2026-03-25 11:30:00
"370","rec_062","5_A5","0131-0644",2026-03-25 19:10:00
"371","rec_062","5_A6","0117-0569",2026-03-25 08:20:00
"372","rec_062","5_A7","0102-0500",2026-03-25 13:40:00
"373","rec_062","5_A8","0086-0424",2026-03-25 12:30:00
"374","rec_062","5_A9","0077-0363",2026-03-25 10:30:00
"375","rec_062","5_B1","0192-0955",2026-03-25 17:00:00
"376","rec_062","5_B10","0052-0285",2026-03-26 06:00:00
"377","rec_062","5_B11","0036-0234",2026-03-25 15:40:00
"378","rec_062","5_B12","0157-0654",NA
"379","rec_062","5_B2","0175-0860",2026-03-25 16:20:00
"380","rec_062","5_B3","0164-0801",NA
"381","rec_062","5_B4","0144-0707",2026-03-25 14:10:00
"382","rec_062","5_B5","0133-0651",2026-03-25 13:50:00
"383","rec_062","5_B6","0118-0569",2026-03-25 15:50:00
"384","rec_062","5_B7","0103-0503",2026-03-25 15:30:00
"385","rec_062","5_B8","0090-0429",2026-03-25 07:30:00
"386","rec_062","5_B9","0069-0360",2026-03-25 19:50:00
"387","rec_062","5_C1","0191-0943",2026-03-25 16:20:00
"388","rec_062","5_C10","0056-0297",2026-03-26 05:10:00
"389","rec_062","5_C11","0037-0238",2026-03-25 12:30:00
"390","rec_062","5_C12","0169-0723",2026-03-26 04:20:00
"391","rec_062","5_C2","0178-0877",NA
"392","rec_062","5_C3","0159-0795",2026-03-26 20:30:00
"393","rec_062","5_C4","0148-0728",NA
"394","rec_062","5_C5","0636-0679",2026-03-26 12:10:00
"395","rec_062","5_C6","0114-0562",2026-03-25 13:00:00
"396","rec_062","5_C7","0100-0499",NA
"397","rec_062","5_C8","0087-0426",2026-03-25 16:40:00
"398","rec_062","5_C9","0072-0361",NA
"399","rec_062","5_D1","0193-0956",2026-03-25 14:20:00
"400","rec_062","5_D10","0057-0298",2026-03-26 07:20:00
"401","rec_062","5_D11","0035-0237",NA
"402","rec_062","5_D12","0167-0801",2026-03-24 21:00:00
"403","rec_062","5_D2","0177-0867",2026-03-26 07:50:00
"404","rec_062","5_D3","0163-0801",2026-03-25 23:10:00
"405","rec_062","5_D4","0147-0726",2026-03-26 01:20:00
"406","rec_062","5_D5","0129-0639",2026-03-25 03:00:00
"407","rec_062","5_D6","0119-0573",NA
"408","rec_062","5_D8","0093-0436",2026-03-26 04:40:00
"409","rec_062","5_D9","0074-0363",2026-03-26 07:40:00
"410","rec_062","5_E1","0194-0964",2026-03-25 17:00:00
"411","rec_062","5_E10","0055-0292",2026-03-26 00:10:00
"412","rec_062","5_E11","0039-0241",2026-03-25 11:20:00
"413","rec_062","5_E12","0023-0170",2026-03-25 15:30:00
"414","rec_062","5_E2","0180-0880",2026-03-25 11:00:00
"415","rec_062","5_E3","0165-0805",2026-03-26 03:20:00
"416","rec_062","5_E4","0153-0737",NA
"417","rec_062","5_E5","0134-0656",2026-03-26
"418","rec_062","5_E6","0116-0566",2026-03-25 17:30:00
"419","rec_062","5_E7","0104-0510",2026-03-26 13:10:00
"420","rec_062","5_E8","0089-0429",2026-03-26 04:30:00
"421","rec_062","5_E9","0070-0362",2026-03-25 14:50:00
"422","rec_062","5_F1","0195-0962",2026-03-26 15:20:00
"423","rec_062","5_F10","0058-0304",NA
"424","rec_062","5_F11","0043-0246",2026-03-25 09:00:00
"425","rec_062","5_F12","0167-0921",2026-03-25 17:40:00
"426","rec_062","5_F2","0179-0878",2026-03-26 05:20:00
"427","rec_062","5_F3","0162-0800",2026-03-26 06:10:00
"428","rec_062","5_F4","0149-0732",2026-03-26 19:00:00
"429","rec_062","5_F5","0135-0658",2026-03-26 08:20:00
"430","rec_062","5_F6","0124-0588",2026-03-26 05:40:00
"431","rec_062","5_F7","0106-0512",NA
"432","rec_062","5_F8","0091-0431",2026-03-25 15:00:00
"433","rec_062","5_F9","0075-0366",2026-03-25 14:40:00
"434","rec_062","5_G1","0196-0958",2026-03-26 06:40:00
"435","rec_062","5_G10","0059-0310",2026-03-24 17:20:00
"436","rec_062","5_G11","0038-0244",2026-03-25 10:50:00
"437","rec_062","5_G12","0021-0167",NA
"438","rec_062","5_G2","0186-0895",2026-03-26 08:50:00
"439","rec_062","5_G3","0170-0817",2026-03-25 20:50:00
"440","rec_062","5_G4","0154-0741",2026-03-26 11:40:00
"441","rec_062","5_G5","0137-0660",2026-03-26 13:50:00
"442","rec_062","5_G6","0122-0587",2026-03-26 02:20:00
"443","rec_062","5_G7","0107-0516",2026-03-26 14:50:00
"444","rec_062","5_G8","0094-0442",2026-03-26 17:00:00
"445","rec_062","5_G9","0076-0367",2026-03-26 11:00:00
"446","rec_062","5_H1","0197-0968",NA
"447","rec_062","5_H10","0062-0313",2026-03-26 06:50:00
"448","rec_062","5_H11","0044-0250",2026-03-24 16:40:00
"449","rec_062","5_H12","0022-0171",2026-03-26 00:40:00
"450","rec_062","5_H2","0181-0878",2026-03-26 13:30:00
"451","rec_062","5_H3","0166-0812",2026-03-26 05:30:00
"452","rec_062","5_H4","0155-0743",2026-03-25 20:50:00
"453","rec_062","5_H5","0132-0647",2026-03-26 04:20:00
"454","rec_062","5_H6","0121-0588",2026-03-26 14:00:00
"455","rec_062","5_H7","0512-1062",2026-03-26 07:20:00
"456","rec_062","5_H8","0092-0441",2026-03-26 13:20:00
"457","rec_062","5_H9","0073-0360",2026-03-26 07:20:00
"458","rec_062","6_A1","0198-0973",NA
"459","rec_062","6_A10","0064-0317",2026-03-25 08:30:00
"460","rec_062","6_A11","0254-1274",NA
"461","rec_062","6_A12","0030-0191",2026-03-26 04:30:00
"462","rec_062","6_A2","0182-0886",2026-03-26 07:50:00
"463","rec_062","6_A3","0167-0816",2026-03-25 22:40:00
"464","rec_062","6_A4","0744-1241",2026-03-26 06:00:00
"465","rec_062","6_A5","0140-0668",2026-03-26 01:30:00
"466","rec_062","6_A6","0120-0588",2026-03-25 14:20:00
"467","rec_062","6_A7","0105-0516",2026-03-25 11:40:00
"468","rec_062","6_A8","0099-0455",2026-03-26 00:30:00
"469","rec_062","6_A9","0078-0373",NA
"470","rec_062","6_B10","0060-0310",NA
"471","rec_062","6_B11","0042-0249",2026-03-25 13:20:00
"472","rec_062","6_B12","0025-0182",2026-03-26 01:50:00
"473","rec_062","6_B2","0188-0907",2026-03-26 01:20:00
"474","rec_062","6_B4","0150-0733",2026-03-26 11:30:00
"475","rec_062","6_B5","0136-0662",2026-03-26 15:10:00
"476","rec_062","6_B6","0593-1341",2026-03-25 09:00:00
"477","rec_062","6_B8","0095-0449",NA
"478","rec_062","6_B9","0079-0381",2026-03-25 17:20:00
"479","rec_062","6_C11","0046-0256",2026-03-26 01:10:00
"480","rec_062","6_C2","0185-0893",NA
"481","rec_062","6_C3","0169-0812",2026-03-26 17:20:00
"482","rec_062","6_C4","0151-0738",2026-03-26 12:00:00
"483","rec_062","6_C6","0125-0598",2026-03-24 17:00:00
"484","rec_062","6_C7","0516-1397",2026-03-26 15:30:00
"485","rec_062","6_C8","0451-1391",2026-03-25 21:40:00
"486","rec_062","6_C9","0082-0389",2026-03-25 17:50:00
"487","rec_062","6_D1","0199-0976",2026-03-26 07:30:00
"488","rec_062","6_D10","0063-0313",NA
"489","rec_062","6_D11","0040-0246",2026-03-25 00:40:00
"490","rec_062","6_D12","0202-1481",NA
"491","rec_062","6_D2","0189-0909",2026-03-26 08:50:00
"492","rec_062","6_D3","0172-0832",2026-03-26 02:50:00
"493","rec_062","6_D4","0751-1467",NA
"494","rec_062","6_D5","0139-0668",2026-03-26 16:40:00
"495","rec_062","6_D6","0126-0600",NA
"496","rec_062","6_D7","0110-0522",2026-03-25 13:20:00
"497","rec_062","6_D8","0468-1480",2026-03-24 16:40:00
"498","rec_062","6_D9","0084-0395",2026-03-24 19:20:00
"499","rec_062","6_E1","0203-0994",2026-03-26 05:10:00
"500","rec_062","6_E10","0066-0324",NA
"501","rec_062","6_E11","0048-0259",2026-03-26 05:20:00
"502","rec_062","6_E12","0026-0186",2026-03-25 11:50:00
"503","rec_062","6_E2","0912-1546",NA
"504","rec_062","6_E3","0173-0836",2026-03-26 13:30:00
"505","rec_062","6_E4","0156-0751",2026-03-25 08:30:00
"506","rec_062","6_E5","0142-0677",2026-03-26 08:50:00
"507","rec_062","6_E7","0109-0522",2026-03-25 20:30:00
"508","rec_062","6_E8","0097-0454",2026-03-26 00:40:00
"509","rec_062","6_E9","0401-1556",2026-03-25 08:20:00
"510","rec_062","6_F1","0204-1000",NA
"511","rec_062","6_F10","0065-0318",2026-03-25 10:50:00
"512","rec_062","6_F11","0045-0254",2026-03-27 06:50:00
"513","rec_062","6_F12","0031-0201",2026-03-25 20:00:00
"514","rec_062","6_F3","0171-0826",NA
"515","rec_062","6_F4","0761-1625",NA
"516","rec_062","6_F5","0141-0672",2026-03-25 17:50:00
"517","rec_062","6_F7","0111-0535",2026-03-26 02:50:00
"518","rec_062","6_F8","0098-0458",2026-03-26 04:30:00
"519","rec_062","6_F9","0081-0393",2026-03-25 14:20:00
"520","rec_062","6_G1","0201-0995",2026-03-26 10:20:00
"521","rec_062","6_G11","0047-0257",NA
"522","rec_062","6_G12","0197-1680",NA
"523","rec_062","6_G2","0187-0900",2026-03-26 10:20:00
"524","rec_062","6_G3","0174-0836",NA
"525","rec_062","6_G4","0157-0759",NA
"526","rec_062","6_G6","0127-0610",2026-03-26 19:40:00
"527","rec_062","6_G7","0112-0540",2026-03-25 12:50:00
"528","rec_062","6_G8","0478-1694",2026-03-26 04:30:00
"529","rec_062","6_G9","0085-0396",2026-03-26 04:10:00
"530","rec_062","6_H1","0202-0988",NA
"531","rec_062","6_H10","0068-0339",NA
"532","rec_062","6_H11","0049-0266",2026-03-25 12:30:00
"533","rec_062","6_H2","0190-0920",NA
"534","rec_062","6_H4","0158-0767",2026-03-26 18:50:00
"535","rec_062","6_H5","0143-0677",2026-03-26 07:40:00
"536","rec_062","6_H6","0128-0614",NA
"537","rec_062","6_H7","0113-0542",2026-03-25 21:10:00
"538","rec_062","6_H9","0083-0398",2026-03-25 07:30:00
"539","rec_063","7_A1","0200-0988",2026-03-25 11:30:00
"540","rec_063","7_A10","0053-0315",2026-03-25 07:10:00
"541","rec_063","7_A11","0028-0233",2026-03-25 12:50:00
"542","rec_063","7_A12","0169-0658",2026-03-25 08:40:00
"543","rec_063","7_A2","0909-0615",2026-03-25 11:00:00
"544","rec_063","7_A3","0169-0830",2026-03-25 11:10:00
"545","rec_063","7_A4","0751-0629",2026-03-25 12:40:00
"546","rec_063","7_A5","0132-0675",2026-03-25 07:40:00
"547","rec_063","7_A6","0116-0601",2026-03-25 11:30:00
"548","rec_063","7_A7","0097-0518",2026-03-25 05:50:00
"549","rec_063","7_A8","0089-0460",2026-03-25 14:40:00
"550","rec_063","7_A9","0072-0385",2026-03-25 07:10:00
"551","rec_063","7_B1","0198-0982",2026-03-25 15:50:00
"552","rec_063","7_B10","0054-0315",2026-03-26 08:00:00
"553","rec_063","7_B11","0031-0243",NA
"554","rec_063","7_B12","0015-0175",2026-03-25 11:50:00
"555","rec_063","7_B2","0181-0894",2026-03-25 10:10:00
"556","rec_063","7_B3","0177-0839",2026-03-25 08:40:00
"557","rec_063","7_B4","0151-0753",2026-03-25 17:20:00
"558","rec_063","7_B5","0135-0679",2026-03-25 11:30:00
"559","rec_063","7_B6","0607-0701",NA
"560","rec_063","7_B7","0098-0518",2026-03-25 15:00:00
"561","rec_063","7_B8","0081-0451",2026-03-26 01:30:00
"562","rec_063","7_C1","0197-0983",2026-03-25 21:20:00
"563","rec_063","7_C10","0055-0316",2026-03-25 09:00:00
"564","rec_063","7_C12","0011-0172",2026-03-25 04:20:00
"565","rec_063","7_C2","0182-0896",NA
"566","rec_063","7_C3","0163-0822",2026-03-25 09:10:00
"567","rec_063","7_C4","0152-0754",2026-03-25 11:10:00
"568","rec_063","7_C5","0133-0679",2026-03-25 11:10:00
"569","rec_063","7_C7","0100-0528",2026-03-25 17:20:00
"570","rec_063","7_C8","0083-0455",2026-03-25 09:10:00
"571","rec_063","7_C9","0390-0779",2026-03-25 14:20:00
"572","rec_063","7_D1","0199-0987",2026-03-25 08:40:00
"573","rec_063","7_D10","0057-0318",2026-03-25 12:40:00
"574","rec_063","7_D11","0036-0247",2026-03-26 02:30:00
"575","rec_063","7_D12","0019-0179",2026-03-24 12:10:00
"576","rec_063","7_D2","0189-0913",2026-03-25 14:20:00
"577","rec_063","7_D3","0174-0833",2026-03-25 15:30:00
"578","rec_063","7_D4","0162-0764",2026-03-25 14:50:00
"579","rec_063","7_D5","0142-0683",2026-03-25 12:20:00
"580","rec_063","7_D6","0113-0596",2026-03-25 10:30:00
"581","rec_063","7_D7","0529-0841",2026-03-25 12:00:00
"582","rec_063","7_D8","0093-0464",2026-03-25 15:50:00
"583","rec_063","7_D9","0074-0386",2026-03-25 09:20:00
"584","rec_063","7_E1","0196-0977",2026-03-26 19:20:00
"585","rec_063","7_E10","0051-0317",2026-03-25 13:30:00
"586","rec_063","7_E11","0029-0241",2026-03-26 01:20:00
"587","rec_063","7_E12","0025-0183",NA
"588","rec_063","7_E2","0183-0909",2026-03-25 12:00:00
"589","rec_063","7_E3","0167-0832",2026-03-25 14:40:00
"590","rec_063","7_E4","0161-0762",2026-03-25 06:20:00
"591","rec_063","7_E5","0137-0680",2026-03-25 02:40:00
"592","rec_063","7_E6","0119-0603",2026-03-25 09:40:00
"593","rec_063","7_E7","0111-0538",2026-03-25 09:50:00
"594","rec_063","7_E8","0082-0448",2026-03-25 12:00:00
"595","rec_063","7_E9","0075-0383",2026-03-25 14:30:00
"596","rec_063","7_F1","0208-0995",2026-03-25 08:20:00
"597","rec_063","7_F10","0058-0318",2026-03-25 19:20:00
"598","rec_063","7_F11","0032-0240",2026-03-25 13:00:00
"599","rec_063","7_F12","0024-0183",2026-03-25 10:10:00
"600","rec_063","7_F2","0195-0918",2026-03-25 11:20:00
"601","rec_063","7_F3","0168-0832",2026-03-25 17:20:00
"602","rec_063","7_F4","0146-0747",2026-03-25 10:10:00
"603","rec_063","7_F5","0128-0670",2026-03-25 10:00:00
"604","rec_063","7_F7","0109-0536",2026-03-25 13:10:00
"605","rec_063","7_F8","0085-0451",2026-03-25 11:00:00
"606","rec_063","7_F9","0073-0385",2026-03-25 13:00:00
"607","rec_063","7_G1","0202-0991",NA
"608","rec_063","7_G11","0041-0251",2026-03-25 11:10:00
"609","rec_063","7_G12","0017-0178",2026-03-25 09:10:00
"610","rec_063","7_G2","0193-0913",2026-03-25 10:00:00
"611","rec_063","7_G3","0166-0829",2026-03-25 08:30:00
"612","rec_063","7_G4","0147-0750",2026-03-25 12:10:00
"613","rec_063","7_G5","0136-0677",2026-03-25 08:40:00
"614","rec_063","7_G6","0117-0601",2026-03-25 22:20:00
"615","rec_063","7_G8","0090-0461",2026-03-25 18:40:00
"616","rec_063","7_G9","0065-0378",2026-03-25 20:10:00
"617","rec_063","7_H1","0201-0991",2026-03-25 14:10:00
"618","rec_063","7_H11","0030-0239",2026-03-25 23:00:00
"619","rec_063","7_H12","0021-0177",2026-03-25 09:50:00
"620","rec_063","7_H2","0190-0917",2026-03-25 08:30:00
"621","rec_063","7_H3","0172-0834",2026-03-25 06:30:00
"622","rec_063","7_H4","0153-0758",2026-03-25 13:50:00
"623","rec_063","7_H5","0140-0683",2026-03-25 14:20:00
"624","rec_063","7_H6","0126-0614",2026-03-25 08:50:00
"625","rec_063","7_H7","0101-0527",NA
"626","rec_063","8_A1","0210-0995",2026-03-25 12:30:00
"627","rec_063","8_A10","0061-0321",2026-03-25 10:50:00
"628","rec_063","8_A11","0043-0254",NA
"629","rec_063","8_A12","0018-0178",NA
"630","rec_063","8_A2","0185-0914",2026-03-25 22:10:00
"631","rec_063","8_A3","0179-0844",2026-03-25 07:50:00
"632","rec_063","8_A4","0154-0759",2026-03-25 04:40:00
"633","rec_063","8_A5","0145-0686",2026-03-25 11:40:00
"634","rec_063","8_A6","0125-0611",2026-03-25 12:30:00
"635","rec_063","8_A7","0110-0536",NA
"636","rec_063","8_A8","0092-0462",2026-03-26 04:20:00
"637","rec_063","8_A9","0077-0388",2026-03-26 19:10:00
"638","rec_063","8_B1","0207-0991",2026-03-25 11:50:00
"639","rec_063","8_B10","0049-0316",2026-03-25 04:00:00
"640","rec_063","8_B11","0037-0245",2026-03-25 09:50:00
"641","rec_063","8_B12","0012-0168",2026-03-25 07:50:00
"642","rec_063","8_B2","0184-0909",2026-03-25 14:10:00
"643","rec_063","8_B3","0170-0834",2026-03-25 19:20:00
"644","rec_063","8_B4","0150-0752",2026-03-25 07:40:00
"645","rec_063","8_B5","0139-0679",NA
"646","rec_063","8_B6","0114-0596",NA
"647","rec_063","8_B7","0102-0530",NA
"648","rec_063","8_B8","0086-0455",2026-03-25 08:00:00
"649","rec_063","8_B9","0067-0379",NA
"650","rec_063","8_C1","0204-0986",2026-03-25 05:50:00
"651","rec_063","8_C10","0060-0322",2026-03-25 18:40:00
"652","rec_063","8_C11","0042-0252",2026-03-27 03:40:00
"653","rec_063","8_C12","0020-0180",2026-03-25 12:40:00
"654","rec_063","8_C2","0187-0916",2026-03-25 22:10:00
"655","rec_063","8_C3","0176-0838",2026-03-25 15:30:00
"656","rec_063","8_C4","0148-0754",2026-03-25 15:50:00
"657","rec_063","8_C5","0144-0682",2026-03-26 10:50:00
"658","rec_063","8_C6","0120-0602",2026-03-25 17:00:00
"659","rec_063","8_C7","0099-0528",NA
"660","rec_063","8_C8","0087-0458",2026-03-25 10:30:00
"661","rec_063","8_C9","0076-0386",2026-03-25 13:10:00
"662","rec_063","8_D1","0211-0998",2026-03-25 13:50:00
"663","rec_063","8_D10","0059-0322",2026-03-25 09:10:00
"664","rec_063","8_D11","0034-0241",2026-03-25 10:30:00
"665","rec_063","8_D12","0013-0172",2026-03-25 18:10:00
"666","rec_063","8_D3","0173-0830",2026-03-26 07:20:00
"667","rec_063","8_D4","0157-0760",2026-03-25 09:10:00
"668","rec_063","8_D5","0141-0683",2026-03-25 16:50:00
"669","rec_063","8_D6","0115-0600",NA
"670","rec_063","8_D7","0103-0533",2026-03-25 05:30:00
"671","rec_063","8_D8","0095-0462",2026-03-25 18:40:00
"672","rec_063","8_D9","0071-0384",2026-03-25 12:50:00
"673","rec_063","8_E1","0209-0998",2026-03-25 12:30:00
"674","rec_063","8_E10","0052-0319",2026-03-25 14:20:00
"675","rec_063","8_E11","0035-0244",2026-03-25 14:30:00
"676","rec_063","8_E12","0014-0176",2026-03-26 16:20:00
"677","rec_063","8_E2","0191-0914",2026-03-25 09:30:00
"678","rec_063","8_E3","0171-0834",2026-03-25 12:30:00
"679","rec_063","8_E4","0158-0759",2026-03-25 11:50:00
"680","rec_063","8_E5","0138-0683",2026-03-25 09:40:00
"681","rec_063","8_E6","0121-0604",2026-03-26 13:40:00
"682","rec_063","8_E7","0106-0530",2026-03-26 06:00:00
"683","rec_063","8_E8","0096-0466",2026-03-25 15:30:00
"684","rec_063","8_E9","0070-0383",2026-03-25 08:50:00
"685","rec_063","8_F1","0206-0994",2026-03-25 07:40:00
"686","rec_063","8_F10","0062-0321",2026-03-25 09:00:00
"687","rec_063","8_F11","0040-0250",2026-03-25 12:10:00
"688","rec_063","8_F12","0182-1719",2026-03-26 14:10:00
"689","rec_063","8_F2","0194-0918",2026-03-25 16:20:00
"690","rec_063","8_F3","0178-0841",2026-03-25 11:40:00
"691","rec_063","8_F4","0155-0761",2026-03-25 08:10:00
"692","rec_063","8_F5","0129-0677",2026-03-27 12:10:00
"693","rec_063","8_F6","0122-0601",2026-03-25 08:10:00
"694","rec_063","8_F7","0107-0533",2026-03-25 23:50:00
"695","rec_063","8_F8","0084-0454",2026-03-25 07:20:00
"696","rec_063","8_F9","0069-0384",2026-03-25 11:10:00
"697","rec_063","8_G1","0203-0989",2026-03-25 19:40:00
"698","rec_063","8_G10","0047-0312",2026-03-25 08:30:00
"699","rec_063","8_G11","0044-0252",2026-03-25 14:30:00
"700","rec_063","8_G12","0026-0185",2026-03-25 12:10:00
"701","rec_063","8_G2","0192-0918",2026-03-25 06:30:00
"702","rec_063","8_G3","0180-0844",2026-03-25 10:30:00
"703","rec_063","8_G4","0159-0765",2026-03-25 09:20:00
"704","rec_063","8_G5","0130-0676",2026-03-25 16:40:00
"705","rec_063","8_G6","0118-0596",2026-03-25 14:20:00
"706","rec_063","8_G7","0112-0541",2026-03-25 09:00:00
"707","rec_063","8_G8","0080-0449",2026-03-27 01:50:00
"708","rec_063","8_G9","0068-0383",2026-03-27 10:30:00
"709","rec_063","8_H1","0212-0997",2026-03-26 08:30:00
"710","rec_063","8_H10","0050-0311",NA
"711","rec_063","8_H11","0039-0249",2026-03-25 14:10:00
"712","rec_063","8_H12","0023-0179",2026-03-27 06:10:00
"713","rec_063","8_H2","0188-0917",2026-03-25 08:20:00
"714","rec_063","8_H3","0165-0825",2026-03-25 10:20:00
"715","rec_063","8_H4","0160-0761",2026-03-25 06:50:00
"716","rec_063","8_H5","0131-0677",2026-03-24 21:10:00
"717","rec_063","8_H6","0127-0613",2026-03-24 22:00:00
"718","rec_063","8_H7","0104-0531",2026-03-25 08:30:00
"719","rec_063","8_H8","0091-0460",2026-03-25 07:50:00
"720","rec_063","8_H9","0066-0383",2026-03-26 03:30:00
"721","rec_064","9_A1","0028-0287",2026-03-25 20:30:00
"722","rec_064","9_A10","0184-0971",2026-03-25 09:40:00
"723","rec_064","9_A11","0199-1044",2026-03-25 20:00:00
"724","rec_064","9_A12","0216-1133",NA
"725","rec_064","9_A2","0045-0360",NA
"726","rec_064","9_A3","0061-0430",2026-03-25 13:30:00
"727","rec_064","9_A4","0077-0502",2026-03-26 09:00:00
"728","rec_064","9_A5","0098-0576",2026-03-25 17:10:00
"729","rec_064","9_A6","0111-0645",2026-03-25 19:20:00
"730","rec_064","9_A7","0134-0738",2026-03-25 12:20:00
"731","rec_064","9_A8","0146-0808",2026-03-25 19:10:00
"732","rec_064","9_A9","0168-0896",2026-03-24 16:40:00
"733","rec_064","9_B1","0027-0290",2026-03-26 18:10:00
"734","rec_064","9_B10","0186-0970",2026-03-25 08:30:00
"735","rec_064","9_B11","0205-1058",2026-03-25 17:50:00
"736","rec_064","9_B12","0220-1138",2026-03-24 21:50:00
"737","rec_064","9_B2","0050-0367",2026-03-25 09:40:00
"738","rec_064","9_B3","0060-0426",2026-03-25 16:30:00
"739","rec_064","9_B4","0086-0509",2026-03-25 20:00:00
"740","rec_064","9_B5","0100-0582",NA
"741","rec_064","9_B6","0117-0661",2026-03-25 21:30:00
"742","rec_064","9_B7","0132-0732",2026-03-25 14:10:00
"743","rec_064","9_B8","0147-0813",NA
"744","rec_064","9_B9","0169-0896",2026-03-26 06:00:00
"745","rec_064","9_C1","0030-0296",2026-03-26 04:30:00
"746","rec_064","9_C10","0185-0974",2026-03-25 18:10:00
"747","rec_064","9_C11","0201-1046",2026-03-25 13:50:00
"748","rec_064","9_C12","1138-1019",2026-03-26 04:40:00
"749","rec_064","9_C2","0044-0358",2026-03-26 05:40:00
"750","rec_064","9_C3","0437-1035",NA
"751","rec_064","9_C4","0078-0502",2026-03-25 20:40:00
"752","rec_064","9_C5","0102-0584",2026-03-25 12:20:00
"753","rec_064","9_C6","0112-0648",2026-03-25 03:10:00
"754","rec_064","9_C7","0127-0727",NA
"755","rec_064","9_C8","0150-0817",2026-03-25 09:40:00
"756","rec_064","9_C9","0163-0879",2026-03-25 19:50:00
"757","rec_064","9_D1","0032-0296",2026-03-26 21:30:00
"758","rec_064","9_D10","0189-0982",NA
"759","rec_064","9_D11","0208-1060",2026-03-25 15:20:00
"760","rec_064","9_D12","0217-1134",2026-03-26 06:30:00
"761","rec_064","9_D2","0046-0361",2026-03-25 23:30:00
"762","rec_064","9_D3","0063-0431",2026-03-25 17:40:00
"763","rec_064","9_D4","0079-0502",2026-03-25 00:40:00
"764","rec_064","9_D5","0096-0580",NA
"765","rec_064","9_D6","0657-0937",2026-03-25 10:00:00
"766","rec_064","9_D7","0133-0736",NA
"767","rec_064","9_D8","0820-0938",2026-03-25 17:20:00
"768","rec_064","9_D9","0167-0895",2026-03-25 06:40:00
"769","rec_064","9_E1","0025-0288",2026-03-26 01:40:00
"770","rec_064","9_E10","0180-0962",2026-03-26 07:40:00
"771","rec_064","9_E11","0207-1056",2026-03-25 11:10:00
"772","rec_064","9_E12","1141-0852",2026-03-25 12:50:00
"773","rec_064","9_E2","0049-0368",2026-03-26 04:50:00
"774","rec_064","9_E3","0066-0430",2026-03-26 06:10:00
"775","rec_064","9_E4","0084-0505",2026-03-25 17:00:00
"776","rec_064","9_E5","0099-0583",2026-03-25 18:40:00
"777","rec_064","9_E6","0115-0654",2026-03-25 23:50:00
"778","rec_064","9_E7","0131-0736",2026-03-25 11:20:00
"779","rec_064","9_E8","0144-0806",2026-03-25 10:10:00
"780","rec_064","9_E9","0164-0886",2026-03-25 17:20:00
"781","rec_064","9_F1","0029-0291",2026-03-25 20:30:00
"782","rec_064","9_F10","0183-0972",2026-03-25 12:20:00
"783","rec_064","9_F11","0200-1048",2026-03-24 12:50:00
"784","rec_064","9_F12","1141-0767",NA
"785","rec_064","9_F2","0051-0376",2026-03-25 15:00:00
"786","rec_064","9_F3","0062-0426",2026-03-25 22:30:00
"787","rec_064","9_F4","0085-0511",NA
"788","rec_064","9_F5","0101-0585",NA
"789","rec_064","9_F6","0118-0663",2026-03-26 05:30:00
"790","rec_064","9_F7","0734-0804",2026-03-25 09:20:00
"791","rec_064","9_F8","0149-0818",2026-03-24 12:40:00
"792","rec_064","9_F9","0165-0892",2026-03-26 19:40:00
"793","rec_064","9_G1","0034-0305",2026-03-25 20:20:00
"794","rec_064","9_G10","0175-0948",NA
"795","rec_064","9_G11","0204-1055",2026-03-25 17:20:00
"796","rec_064","9_G12","1134-0702",2026-03-25 10:20:00
"797","rec_064","9_G2","0047-0365",2026-03-25 19:10:00
"798","rec_064","9_G3","0064-0431",NA
"799","rec_064","9_G4","0081-0506",2026-03-26 08:00:00
"800","rec_064","9_G5","0571-0730",2026-03-26 06:30:00
"801","rec_064","9_G6","0114-0655",2026-03-25 21:10:00
"802","rec_064","9_G7","0125-0721",2026-03-25 18:10:00
"803","rec_064","9_G8","0151-0821",2026-03-25 16:30:00
"804","rec_064","9_G9","0170-0898",2026-03-26 06:10:00
"805","rec_064","9_H1","0031-0295",2026-03-26 03:50:00
"806","rec_064","9_H10","0187-0970",2026-03-25 10:50:00
"807","rec_064","9_H11","0206-1054",2026-03-25 07:10:00
"808","rec_064","9_H12","1142-0607",NA
"809","rec_064","9_H2","0043-0356",2026-03-25 21:00:00
"810","rec_064","9_H3","0068-0442",2026-03-25 05:20:00
"811","rec_064","9_H4","0083-0501",2026-03-25 21:40:00
"812","rec_064","9_H5","0097-0583",2026-03-26 08:00:00
"813","rec_064","9_H6","0116-0657",2026-03-25 07:40:00
"814","rec_064","9_H7","0130-0725",2026-03-25 17:00:00
"815","rec_064","9_H8","0145-0809",2026-03-25 16:00:00
"816","rec_064","9_H9","0162-0884",2026-03-25 11:10:00
"817","rec_064","10_A1","0019-0273",2026-03-25 15:40:00
"818","rec_064","10_A10","0174-0954",NA
"819","rec_064","10_A11","1040-1958",2026-03-25 14:10:00
"820","rec_064","10_A12","1127-1961",2026-03-25 13:10:00
"821","rec_064","10_A2","0038-0353",2026-03-25 18:00:00
"822","rec_064","10_A3","0052-0409",2026-03-25 11:30:00
"823","rec_064","10_A4","0073-0492",2026-03-25 08:00:00
"824","rec_064","10_A5","0088-0560",2026-03-25 17:30:00
"825","rec_064","10_A6","0104-0631",2026-03-25 15:50:00
"826","rec_064","10_A7","0713-1923",2026-03-25 17:50:00
"827","rec_064","10_A8","0786-1936",2026-03-26 03:30:00
"828","rec_064","10_A9","0865-1947",2026-03-25 14:10:00
"829","rec_064","10_B1","0024-0283",2026-03-25 13:30:00
"830","rec_064","10_B10","0173-0949",2026-03-25 15:30:00
"831","rec_064","10_B11","0198-1037",NA
"832","rec_064","10_B12","0210-1102",2026-03-25 09:40:00
"833","rec_064","10_B2","0035-0347",2026-03-25 14:00:00
"834","rec_064","10_B3","0058-0419",NA
"835","rec_064","10_B4","0076-0486",2026-03-25 04:20:00
"836","rec_064","10_B5","0087-0557",2026-03-25 16:40:00
"837","rec_064","10_B6","0103-0623",2026-03-25 10:10:00
"838","rec_064","10_B7","0129-0725",2026-03-25 19:50:00
"839","rec_064","10_B8","0138-0791",NA
"840","rec_064","10_B9","0156-0872",NA
"841","rec_064","10_C1","0021-0274",2026-03-25 12:40:00
"842","rec_064","10_C10","0181-0960",2026-03-25 13:00:00
"843","rec_064","10_C11","0195-1037",2026-03-25 17:30:00
"844","rec_064","10_C12","1122-1802",2026-03-25 15:20:00
"845","rec_064","10_C2","0037-0352",2026-03-25 10:10:00
"846","rec_064","10_C3","0054-0408",2026-03-25 14:40:00
"847","rec_064","10_C4","0070-0485",2026-03-25 07:50:00
"848","rec_064","10_C5","0093-0571",2026-03-25 12:30:00
"849","rec_064","10_C6","0109-0642",2026-03-25 11:10:00
"850","rec_064","10_C7","0121-0718",2026-03-25 22:40:00
"851","rec_064","10_C8","0140-0794",2026-03-25 06:10:00
"852","rec_064","10_C9","0154-0866",2026-03-25 14:10:00
"853","rec_064","10_D1","0020-0273",2026-03-25 12:30:00
"854","rec_064","10_D10","0178-0956",2026-03-25 10:40:00
"855","rec_064","10_D11","0197-1040",2026-03-25 16:40:00
"856","rec_064","10_D12","1124-1715",2026-03-25 12:00:00
"857","rec_064","10_D2","0039-0352",2026-03-26 04:50:00
"858","rec_064","10_D3","0055-0412",2026-03-25 21:10:00
"859","rec_064","10_D4","0071-0485",2026-03-25 15:10:00
"860","rec_064","10_D5","0089-0560",2026-03-26 01:40:00
"861","rec_064","10_D7","0119-0706",2026-03-25 14:40:00
"862","rec_064","10_D8","0141-0795",2026-03-26 00:20:00
"863","rec_064","10_D9","0160-0875",2026-03-26 09:20:00
"864","rec_064","10_E1","0022-0282",2026-03-25 09:40:00
"865","rec_064","10_E10","0171-0947",2026-03-25 14:10:00
"866","rec_064","10_E11","0202-1042",2026-03-25 11:50:00
"867","rec_064","10_E12","0213-1113",2026-03-25 12:10:00
"868","rec_064","10_E2","0036-0345",2026-03-25 18:30:00
"869","rec_064","10_E3","0057-0418",2026-03-25 13:50:00
"870","rec_064","10_E4","0080-0498",2026-03-25 11:50:00
"871","rec_064","10_E5","0091-0559",2026-03-25 14:40:00
"872","rec_064","10_E6","0108-0640",2026-03-26 07:10:00
"873","rec_064","10_E7","0123-0717",2026-03-26 08:00:00
"874","rec_064","10_E8","0139-0794",2026-03-26 06:00:00
"875","rec_064","10_E9","0159-0870",NA
"876","rec_064","10_F1","0023-0280",2026-03-25 17:30:00
"877","rec_064","10_F10","0177-0949",2026-03-26 03:20:00
"878","rec_064","10_F11","0191-1029",2026-03-25 08:10:00
"879","rec_064","10_F12","0214-1122",2026-03-25 11:20:00
"880","rec_064","10_F2","0042-0356",2026-03-25 16:10:00
"881","rec_064","10_F3","0065-0427",NA
"882","rec_064","10_F4","0072-0482",2026-03-25 08:30:00
"883","rec_064","10_F5","0094-0571",2026-03-26 04:10:00
"884","rec_064","10_F6","0105-0624",2026-03-25 10:20:00
"885","rec_064","10_F7","0122-0719",NA
"886","rec_064","10_F8","0137-0780",2026-03-25 18:30:00
"887","rec_064","10_F9","0157-0870",2026-03-25 17:20:00
"888","rec_064","10_G1","0026-0286",2026-03-25 09:40:00
"889","rec_064","10_G10","0172-0951",2026-03-26 06:00:00
"890","rec_064","10_G11","0194-1036",2026-03-25 09:50:00
"891","rec_064","10_G12","0212-1118",2026-03-25 07:00:00
"892","rec_064","10_G2","0041-0352",NA
"893","rec_064","10_G3","0056-0417",NA
"894","rec_064","10_G4","0075-0484",2026-03-25 18:40:00
"895","rec_064","10_G5","0092-0567",2026-03-25 17:50:00
"896","rec_064","10_G6","0110-0647",2026-03-25 15:10:00
"897","rec_064","10_G7","0124-0717",2026-03-25 13:00:00
"898","rec_064","10_G8","0796-1445",2026-03-25 12:00:00
"899","rec_064","10_G9","0155-0868",2026-03-25 20:10:00
"900","rec_064","10_H10","0179-0958",2026-03-25 22:40:00
"901","rec_064","10_H11","0196-1036",2026-03-25 13:00:00
"902","rec_064","10_H12","1126-1391",2026-03-25 16:20:00
"903","rec_064","10_H2","0040-0355",2026-03-25 20:30:00
"904","rec_064","10_H3","0053-0413",2026-03-25 18:10:00
"905","rec_064","10_H4","0069-0485",2026-03-25 13:40:00
"906","rec_064","10_H6","0107-0633",2026-03-25 10:40:00
"907","rec_064","10_H7","0126-0724",2026-03-25 20:10:00
"908","rec_064","10_H8","0143-0802",NA
"909","rec_064","10_H9","0158-0872",2026-03-25 11:20:00
"910","rec_065","11_A1","0190-1023",2026-03-25 09:20:00
"911","rec_065","11_A10","0060-0315",2026-03-25 22:20:00
"912","rec_065","11_A11","0049-0244",2026-03-25 14:40:00
"913","rec_065","11_A12","0033-0172",NA
"914","rec_065","11_A2","0175-0949",2026-03-25 10:30:00
"915","rec_065","11_A3","0155-0863",2026-03-26 14:50:00
"916","rec_065","11_A4","0137-0782",2026-03-25 10:10:00
"917","rec_065","11_A5","0130-0708",2026-03-25 08:20:00
"918","rec_065","11_A6","0118-0623",2026-03-25 11:40:00
"919","rec_065","11_A7","0105-0547",2026-03-25 15:10:00
"920","rec_065","11_A8","0095-0466",NA
"921","rec_065","11_A9","0080-0394",2026-03-25 17:10:00
"922","rec_065","11_B1","0188-1024",2026-03-25 19:50:00
"923","rec_065","11_B10","0068-0322",NA
"924","rec_065","11_B11","0044-0234",2026-03-25 11:40:00
"925","rec_065","11_B12","0026-0166",2026-03-25 20:00:00
"926","rec_065","11_B2","0164-0934",2026-03-24 19:00:00
"927","rec_065","11_B3","0157-0864",2026-03-25 15:20:00
"928","rec_065","11_B4","0768-0675",2026-03-25 15:20:00
"929","rec_065","11_B5","0133-0712",2026-03-25 14:10:00
"930","rec_065","11_B6","0116-0620",NA
"931","rec_065","11_B7","0101-0536",2026-03-26 01:20:00
"932","rec_065","11_B8","0090-0458",NA
"933","rec_065","11_B9","0074-0387",2026-03-25 21:40:00
"934","rec_065","11_C1","0189-1024",2026-03-25 12:30:00
"935","rec_065","11_C10","0066-0322",NA
"936","rec_065","11_C11","0045-0235",2026-03-25 17:10:00
"937","rec_065","11_C12","0023-0156",2026-03-24 13:10:00
"938","rec_065","11_C2","0176-0946",2026-03-25 10:00:00
"939","rec_065","11_C3","0152-0858",2026-03-25 16:40:00
"940","rec_065","11_C4","0136-0777",2026-03-25 16:50:00
"941","rec_065","11_C5","0132-0709",2026-03-25 13:30:00
"942","rec_065","11_C6","0114-0615",2026-03-25 08:50:00
"943","rec_065","11_C7","0103-0546",2026-03-24 20:20:00
"944","rec_065","11_C8","0094-0468",2026-03-25 09:20:00
"945","rec_065","11_C9","0076-0383",2026-03-26 09:20:00
"946","rec_065","11_D1","0182-1012",2026-03-25 20:10:00
"947","rec_065","11_D10","0327-0839",2026-03-25 11:10:00
"948","rec_065","11_D11","0043-0235",2026-03-25 17:40:00
"949","rec_065","11_D12","0157-0837",2026-03-25 15:50:00
"950","rec_065","11_D2","0174-0945",NA
"951","rec_065","11_D3","0159-0867",2026-03-25 09:20:00
"952","rec_065","11_D4","0143-0791",2026-03-25 12:40:00
"953","rec_065","11_D5","0131-0707",2026-03-25 20:00:00
"954","rec_065","11_D6","0119-0625",2026-03-25 14:10:00
"955","rec_065","11_D7","0111-0549",NA
"956","rec_065","11_D8","0096-0471",NA
"957","rec_065","11_D9","0086-0399",2026-03-25 08:50:00
"958","rec_065","11_E1","0183-1014",2026-03-24 09:20:00
"959","rec_065","11_E10","0058-0313",2026-03-25 12:40:00
"960","rec_065","11_E11","0046-0242",NA
"961","rec_065","11_E12","0030-0166",2026-03-25 09:10:00
"962","rec_065","11_E2","0163-0931",2026-03-25 09:30:00
"963","rec_065","11_E3","0153-0865",2026-03-26 04:40:00
"964","rec_065","11_E4","0766-0905",2026-03-25 15:00:00
"965","rec_065","11_E5","0125-0695",NA
"966","rec_065","11_E6","0634-0919",NA
"967","rec_065","11_E7","0107-0543",2026-03-26 02:50:00
"968","rec_065","11_E8","0480-0905",2026-03-26 00:30:00
"969","rec_065","11_E9","0083-0396",2026-03-25 10:40:00
"970","rec_065","11_F1","0193-1027",2026-03-24 21:40:00
"971","rec_065","11_F10","0065-0319",2026-03-26 02:30:00
"972","rec_065","11_F11","0037-0233",NA
"973","rec_065","11_F12","0027-0159",2026-03-25 16:10:00
"974","rec_065","11_F2","0172-0939",NA
"975","rec_065","11_F3","0870-0980",2026-03-25 12:50:00
"976","rec_065","11_F4","0777-0985",2026-03-26 07:30:00
"977","rec_065","11_F5","0697-0975",NA
"978","rec_065","11_F6","0122-0632",2026-03-25 10:40:00
"979","rec_065","11_F7","0112-0553",2026-03-26 03:20:00
"980","rec_065","11_F8","0475-0989",NA
"981","rec_065","11_F9","0071-0377",2026-03-25 09:00:00
"982","rec_065","11_G1","0192-1025",2026-03-25 04:50:00
"983","rec_065","11_G10","0067-0319",2026-03-25 09:10:00
"984","rec_065","11_G11","0039-0229",2026-03-25 13:10:00
"985","rec_065","11_G12","0021-0151",2026-03-25 16:30:00
"986","rec_065","11_G2","0932-1079",2026-03-25 07:40:00
"987","rec_065","11_G3","0154-0864",2026-03-25 23:40:00
"988","rec_065","11_G4","0140-0788",2026-03-24 23:00:00
"989","rec_065","11_G5","0124-0697",2026-03-25 10:10:00
"990","rec_065","11_G6","0612-1058",2026-03-25 23:10:00
"991","rec_065","11_G7","0535-1073",2026-03-25 14:10:00
"992","rec_065","11_G8","0091-0458",2026-03-25 11:20:00
"993","rec_065","11_G9","0075-0381",NA
"994","rec_065","11_H1","0191-1025",2026-03-25 08:10:00
"995","rec_065","11_H10","0059-0309",NA
"996","rec_065","11_H11","0041-0231",2026-03-25 12:40:00
"997","rec_065","11_H12","0024-0160",2026-03-25 20:10:00
"998","rec_065","11_H2","0165-0934",2026-03-25 16:30:00
"999","rec_065","11_H3","0145-0858",2026-03-25 08:40:00
"1000","rec_065","11_H5","0126-0702",2026-03-25 15:50:00
"1001","rec_065","11_H6","0117-0620",2026-03-25 15:30:00
"1002","rec_065","11_H7","0104-0540",NA
"1003","rec_065","11_H8","0467-1149",2026-03-26 00:30:00
"1004","rec_065","11_H9","0078-0388",2026-03-25 13:50:00
"1005","rec_065","12_A1","0180-1015",2026-03-26 12:00:00
"1006","rec_065","12_A10","0057-0305",2026-03-25 15:20:00
"1007","rec_065","12_A11","0038-0233",2026-03-25 17:50:00
"1008","rec_065","12_A12","0031-0165",2026-03-25 18:10:00
"1009","rec_065","12_A2","0166-0940",2026-03-25 09:10:00
"1010","rec_065","12_A3","0144-0849",2026-03-25 05:40:00
"1011","rec_065","12_A4","0774-1341",2026-03-25 10:50:00
"1012","rec_065","12_A5","0711-1358",NA
"1013","rec_065","12_A6","0630-1344",NA
"1014","rec_065","12_A7","0544-1338",NA
"1015","rec_065","12_A8","0467-1336",2026-03-26 13:30:00
"1016","rec_065","12_A9","0082-0394",2026-03-26 23:10:00
"1017","rec_065","12_B1","1020-1425",2026-03-26 06:20:00
"1018","rec_065","12_B11","0051-0245",2026-03-25 15:10:00
"1019","rec_065","12_B12","0032-0168",2026-03-25 08:20:00
"1020","rec_065","12_B2","0162-0928",2026-03-25 09:50:00
"1021","rec_065","12_B3","0147-0854",2026-03-26 18:30:00
"1022","rec_065","12_B4","0791-1434",2026-03-26 21:00:00
"1023","rec_065","12_B5","0128-0705",NA
"1024","rec_065","12_B7","0113-0552",NA
"1025","rec_065","12_B8","0461-1415",NA
"1026","rec_065","12_B9","0072-0378",NA
"1027","rec_065","12_C1","0184-1018",2026-03-24 22:40:00
"1028","rec_065","12_C10","0316-1494",NA
"1029","rec_065","12_C11","0035-0227",2026-03-26 09:10:00
"1030","rec_065","12_C12","0156-1483",2026-03-25 09:20:00
"1031","rec_065","12_C2","0173-0940",2026-03-25 11:50:00
"1032","rec_065","12_C3","0150-0857",2026-03-25 17:10:00
"1033","rec_065","12_C4","0783-1499",2026-03-26 04:50:00
"1034","rec_065","12_C5","0710-1503",NA
"1035","rec_065","12_C6","0622-1497",2026-03-25 09:40:00
"1036","rec_065","12_C7","0099-0533",2026-03-25 12:50:00
"1037","rec_065","12_C8","0475-1500",2026-03-26 07:50:00
"1038","rec_065","12_C9","0073-0386",NA
"1039","rec_065","12_D1","0186-1013",2026-03-26 11:20:00
"1040","rec_065","12_D10","0056-0301",2026-03-25 09:40:00
"1041","rec_065","12_D11","0040-0236",2026-03-25 12:50:00
"1042","rec_065","12_D12","0151-1578",2026-03-25 07:30:00
"1043","rec_065","12_D2","0168-0940",2026-03-25 08:20:00
"1044","rec_065","12_D3","0151-0861",2026-03-26 08:30:00
"1045","rec_065","12_D4","0141-0787",2026-03-26 06:30:00
"1046","rec_065","12_D5","0704-1575",2026-03-26 03:00:00
"1047","rec_065","12_D7","0100-0535",NA
"1048","rec_065","12_D8","0092-0464",2026-03-25 18:40:00
"1049","rec_065","12_D9","0401-1586",2026-03-25 15:40:00
"1050","rec_065","12_E1","0179-1012",NA
"1051","rec_065","12_E10","0063-0314",2026-03-25 10:50:00
"1052","rec_065","12_E11","0036-0231",NA
"1053","rec_065","12_E12","0025-0160",NA
"1054","rec_065","12_E2","0171-0940",2026-03-25 09:30:00
"1055","rec_065","12_E3","0158-0865",2026-03-25 14:30:00
"1056","rec_065","12_E4","0134-0766",2026-03-24 10:10:00
"1057","rec_065","12_E6","0115-0615",NA
"1058","rec_065","12_E7","0102-0544",2026-03-25 06:00:00
"1059","rec_065","12_E8","0087-0455",2026-03-25 17:40:00
"1060","rec_065","12_E9","0079-0390",2026-03-27 02:10:00
"1061","rec_065","12_F1","0177-1002",2026-03-26 01:30:00
"1062","rec_065","12_F10","0309-1721",NA
"1063","rec_065","12_F2","0160-0931",2026-03-25 09:00:00
"1064","rec_065","12_F3","0843-1739",2026-03-25 12:00:00
"1065","rec_065","12_F5","0710-1739",NA
"1066","rec_065","12_F7","0109-0547",2026-03-25 11:20:00
"1067","rec_065","12_F8","0088-0457",2026-03-25 17:40:00
"1068","rec_065","12_F9","0077-0385",2026-03-25 13:10:00
"1069","rec_065","12_G1","0178-1007",NA
"1070","rec_065","12_G10","0055-0307",NA
"1071","rec_065","12_G11","0042-0230",2026-03-25 07:30:00
"1072","rec_065","12_G12","0028-0164",2026-03-25 16:20:00
"1073","rec_065","12_G2","0161-0931",2026-03-25 02:30:00
"1074","rec_065","12_G3","0156-0861",2026-03-26 08:00:00
"1075","rec_065","12_G4","0135-0774",2026-03-25 14:00:00
"1076","rec_065","12_G7","0106-0544",2026-03-25 12:30:00
"1077","rec_065","12_G8","0093-0467",2026-03-26 04:40:00
"1078","rec_065","12_H1","0181-1019",2026-03-25 04:30:00
"1079","rec_065","12_H10","0062-0311",NA
"1080","rec_065","12_H11","0241-1895",2026-03-25 03:30:00
"1081","rec_065","12_H12","0148-1881",2026-03-25 14:30:00
"1082","rec_065","12_H2","0169-0938",2026-03-25 09:20:00
"1083","rec_065","12_H3","0146-0853",2026-03-24 18:40:00
"1084","rec_065","12_H4","0142-0788",2026-03-24 23:00:00
"1085","rec_065","12_H5","0123-0696",2026-03-25 12:40:00
"1086","rec_065","12_H8","0089-0453",2026-03-26 08:40:00
"1087","rec_065","12_H9","0081-0392",NA
